epoch;acc;loss;val_acc;val_loss
0;0.5827109523579409;1.2798587073678274;0.5995268358361187;1.202532196949623
1;0.6059439315894479;1.1896527594032904;0.6026812636321941;1.1895009929408178
2;0.6185771056624766;1.1420826196017997;0.6040961172760222;1.1856097489831818
3;0.6304448670956131;1.0981767402227085;0.6106369160884728;1.187539746468566
4;0.6400937050674527;1.0616197057487817;0.6135130120201888;1.1828771823245652
