epoch;acc;loss;val_acc;val_loss
0;0.5841567317626322;1.274931211820203;0.6036786195347823;1.1940964175358926
1;0.6136908351400836;1.1612062410841117;0.6060212459492098;1.1792888861449722
2;0.6292078365947215;1.1012094482576507;0.6123764902766651;1.1690233747155192
3;0.6475236195623271;1.0427421762244613;0.6139073155499978;1.1709251538628953
4;0.6658780597084312;0.9835899794587061;0.6186389571528668;1.1685502385199498
