epoch;acc;loss;val_acc;val_loss
0;0.5696602805021977;1.3411492479732112;0.5925221505830686;1.224873778560904
