epoch;acc;loss;val_acc;val_loss
0;0.5354718498217313;1.4885585842784956;0.5751264090744181;1.2787454930606885
1;0.5644260951567285;1.345601675548047;0.5836387252594161;1.2570476386986942
2;0.5702246756586903;1.3196872172099283;0.5863524609369223;1.2489698941971832
3;0.5714462432865236;1.312468830491522;0.5868163473775215;1.2466225401780189
4;0.5740672016722232;1.3059121160711737;0.5856798255980532;1.2453258937954788
5;0.5772448238142919;1.2997100110881372;0.587257039496091;1.2426893692288232
