epoch;acc;loss;val_acc;val_loss
0;0.5285599418595661;1.5277939685114967;0.5674490884493193;1.297699448360817
1;0.5618592568585304;1.3654880674889107;0.5806234633263959;1.2661714543547287
2;0.5674181627059676;1.3338231485013228;0.5829892841734525;1.2546820146130482
3;0.5710674027053491;1.3129667259464848;0.5858653802157676;1.2475947573094608
4;0.5742991449008178;1.3006317659416895;0.5891357795307487;1.2425100355614602
5;0.5751882605933798;1.2966210423772866;0.5906897991067565;1.2394992321482194
