epoch;acc;loss;val_acc;val_loss
0;0.5634132764313124;1.3725629948642144;0.5877905088834253;1.238150773322908
1;0.5797807363437926;1.2796839029843423;0.5896460546458226;1.2266888670506138
2;0.5845587666796616;1.2600365462054461;0.5946560282042956;1.2181833018651393
3;0.5888187904915773;1.2457576046274452;0.5982975367630005;1.210592941555015
4;0.5899785065986055;1.2392895033986588;0.5956301897295542;1.2122745156072479
5;0.5910377139657774;1.2338580912228014;0.5980192049041708;1.2103813856891286
