epoch;acc;loss;val_acc;val_loss
0;0.5619674970141787;1.3837680238327457;0.5937746440279864;1.236955264567245
1;0.5904191987125667;1.2602801300503819;0.5972769866545113;1.2122469933802649
2;0.5977254101510846;1.2294178911024538;0.6001298882641973;1.202619528479571
3;0.6013746501633693;1.2094979133235229;0.6039105627550819;1.1942887966130833
4;0.6043821805801367;1.1952114733962322;0.6036090364774481;1.1923797889405459
5;0.6074747568452691;1.1829741381479613;0.6056501368160853;1.1879935674357238
