epoch;acc;loss;val_acc;val_loss
0;0.5794637472811188;1.3019772374932832;0.5994804471920587;1.2059294134786267
1;0.6005860432014472;1.2124328812156948;0.6007329405816769;1.193464067250251
2;0.608224706589983;1.1792244845147724;0.6041425059200821;1.1864803551289314
3;0.6144253220135826;1.1531510608093143;0.6057661084621798;1.185134770686946
4;0.6190487235363793;1.1327687449262156;0.606299577868869;1.1826473745304573
5;0.6227598150611741;1.115290719651075;0.6075752655805172;1.1825019961336456
