epoch;acc;loss;val_acc;val_loss
0;0.5686783875224375;1.3527987125962435;0.5953982465286094;1.2259940693461067
