epoch;acc;loss;val_acc;val_loss
0;0.5724435991310473;1.3271334165875808;0.5967667115145525;1.217797035387254
1;0.5994263271008705;1.2177938792839398;0.6051166674812855;1.1919297434356066
2;0.6082556323600629;1.1832551630296375;0.6056037482439147;1.1885647897116023
3;0.6162267476894;1.1555471046997534;0.6103585842794128;1.177543473032469
4;0.6188554375139329;1.138139553811525;0.6113327456940723;1.1751412763198308
5;0.6246230922587181;1.120398623364416;0.6100106694296085;1.175690506959208
