epoch;acc;loss;val_acc;val_loss
0;0.5825099349077211;1.2816860985010115;0.5993876698984089;1.2007991955276653
1;0.6065392525298453;1.1879904183314922;0.6066474926993185;1.1859948874714368
2;0.618561642782045;1.1412068247302938;0.6087349816820156;1.179286405621795
3;0.6296639915918791;1.0981687080528155;0.6106601104022079;1.1821918799272522
4;0.6389958404913676;1.060591105924767;0.6115414946476415;1.1887241303160376
5;0.649332776671448;1.0243233152490674;0.6125620448169601;1.1996089964987544
