epoch;acc;loss;val_acc;val_loss
0;0.534018338982815;1.4738666444163866;0.5584033028714571;1.3085613387543567
1;0.554978274650777;1.3735324929967572;0.5710442083777891;1.2881083862012972
2;0.5588130692282415;1.3571023222624852;0.5769819548229906;1.2713290927261591
3;0.5594315844869823;1.3547595709797786;0.5789766665120378;1.2640022496575023
4;0.5620138856679161;1.3469562773043071;0.5829428955846921;1.2622177643330668
5;0.5619365712652971;1.34343472746787;0.5770051491450207;1.2701504950112612
6;0.5625782808382336;1.3439094320072562;0.5744073850721343;1.2725504618681567
