epoch;acc;loss;val_acc;val_loss
0;0.5070588053304134;1.564247135124617;0.5447650415371913;1.3364837660265028
1;0.5457933231195367;1.4076806264719148;0.5797884678024415;1.2872355232744428
2;0.557769324736893;1.3664032299163082;0.5761933478877966;1.2814605675574473
3;0.560715003639307;1.3557748982721678;0.5744537737355492;1.2779824715319372
4;0.5613567132016446;1.3520366621279944;0.5757990444132872;1.2723947157027875
5;0.5627870297480241;1.3464990792346216;0.5782576425484637;1.268643123644449
6;0.5630808244789904;1.34340205111976;0.5829428955985171;1.2666435967782612
