epoch;acc;loss;val_acc;val_loss
0;0.5576765474469297;1.3864506729511334;0.5923829845955892;1.2360764729510478
