epoch;acc;loss;val_acc;val_loss
0;0.556284888132505;1.3932949512599249;0.5886718931454489;1.2371942512886298
1;0.5885791158241492;1.2629331765460432;0.5966275456376723;1.211663927268566
2;0.5962796307463932;1.2295343027091863;0.6018230737364402;1.2014799284549007
3;0.6007174777076969;1.2083093139748537;0.601567936138811;1.195643622346439
4;0.6043048661742918;1.1935871146988328;0.6057197197462304;1.1892047587742571
5;0.6069180931230015;1.1826493104302596;0.6047919469009765;1.1883998907673594
6;0.610265806936915;1.1721401889365;0.6039569513078976;1.1879376484577204
