epoch;acc;loss;val_acc;val_loss
0;0.5780952822758207;1.3025571081007221;0.5985062856668001;1.2075875908179226
