epoch;acc;loss;val_acc;val_loss
0;0.5755439068654277;1.31594388368752;0.5979032333078458;1.2120986294148057
1;0.601227752771158;1.2137118456076894;0.6037250081373675;1.1901689351625289
2;0.6074747568581723;1.1816443152990328;0.604815141272776;1.1856108557847809
3;0.6138300010879316;1.153736047626336;0.6085958157332458;1.1798892146045634
4;0.6222727343132913;1.1331722688174282;0.6089901192077554;1.1799664203320008
5;0.6256977625127732;1.1163029198438545;0.6095699772889193;1.1810282959441238
6;0.6302747753951967;1.09685997608039;0.6070417961876529;1.1824885380258696
