epoch;acc;loss;val_acc;val_loss
0;0.5829197012571322;1.2793369882448273;0.5965347682942529;1.2075868039105284
1;0.6058202285459947;1.1888473550071244;0.6045831980386515;1.185799733353838
2;0.6173478065907408;1.1435480016802397;0.6089437305802853;1.1800820440829516
3;0.6299809806550137;1.1016835873330966;0.6094771999869745;1.180171598777394
4;0.6393437553126005;1.0645443579443175;0.6121213526983907;1.1840081681467283
5;0.6491162963297366;1.0275276561162447;0.6123532959186904;1.1924563718261272
6;0.6577059269261094;0.9958580442050472;0.614116064392968;1.2134675468203806
