epoch;acc;loss;val_acc;val_loss
0;0.5854942710070669;1.2656857998270736;0.6051166674453407;1.1951777771783736
1;0.6108379335460659;1.1696071634248952;0.6092684510887048;1.1752441321376215
2;0.630986067948509;1.1014721579944766;0.6137217609184584;1.1734193095682215
3;0.6495105998033244;1.033004588428718;0.6148118940538669;1.1876820016118532
4;0.6696278084467474;0.9649472347748577;0.61620355336737;1.2001700932347952
5;0.6865055434411218;0.9051914517078858;0.6157396669350657;1.2201139905951863
6;0.7036461474221891;0.8502697271958674;0.6125620448086652;1.253959167220406
