epoch;acc;loss;val_acc;val_loss
0;0.5862828779653023;1.265651174932149;0.6040961172594322;1.1948845219279218
1;0.6134125032913923;1.161654612623971;0.608363872543361;1.1804838472993784
2;0.6310247251380674;1.0973312211153547;0.6135825949696888;1.1690870782171812
3;0.6491626849784048;1.0321772154882307;0.6152757805082911;1.171578937322945
4;0.6694731796442742;0.9649940505325431;0.6138841211560784;1.1895739277495123
5;0.687124058693411;0.9072266323977386;0.6166674398300892;1.1998557579170637
6;0.7027106431113738;0.8524629891880022;0.6176416013249331;1.2198742596991525
