epoch;acc;loss;val_acc;val_loss
0;0.5758840902478272;1.3116869520000776;0.5944008906509061;1.2127281214424768
