epoch;acc;loss;val_acc;val_loss
0;0.4728007917059769;1.69952827910926;0.5421440831699248;1.3982156470107607
1;0.5339332931279985;1.4787192276739218;0.5480354409102369;1.3339343466209934
2;0.5508574167719628;1.4077650822950338;0.5688175534490874;1.3030323194109255
3;0.5582100168674439;1.3718258100259306;0.5719487869231329;1.2884218261664069
4;0.5618824511676572;1.3604310631495793;0.5771211207358156;1.2797968078755644
5;0.5645884554127816;1.3512523991963807;0.5780256992949843;1.2761221127324929
6;0.5668614989707967;1.3439565914886544;0.583592336637476;1.2676637768717773
7;0.566529047023083;1.3424141499197328;0.580089994010951;1.2713303937426237
