epoch;acc;loss;val_acc;val_loss
0;0.5448655502521629;1.4318025669534928;0.5755439068516027;1.265629071486363
1;0.5659028003296565;1.3260807969534731;0.5855870482961084;1.2472087465865707
2;0.5724049419331939;1.3070426015437218;0.5838938627879209;1.2425014098566416
3;0.5743532649855544;1.300675260115775;0.5870946792280562;1.2430584582713107
4;0.5759691360892796;1.2979446700445432;0.5871178735500863;1.2388282626426281
5;0.5763325138070732;1.2906477197112325;0.5890430022785735;1.237185839200532
6;0.5778633390545994;1.2897755360087573;0.5928932597355481;1.2314265504276873
7;0.578636483122265;1.289010248183688;0.5911304912612706;1.2346609928902466
