epoch;acc;loss;val_acc;val_loss
0;0.5079324581471519;1.5622894509605363;0.5626942524525309;1.3059228196095218
1;0.5541587419381298;1.3840587661839636;0.5791854154158376;1.2677592391808954
2;0.5633978135467334;1.3408373641399294;0.581412070386014;1.2519375996891153
3;0.5684696386306195;1.316619369326751;0.5907129934287865;1.2374951059059447
4;0.5711524485463406;1.306685271655897;0.5920118755537088;1.237693851493023
5;0.5750645575333367;1.3004502194416354;0.5899475807824427;1.2355958017849682
6;0.5758763587914824;1.2930043292789188;0.592243818718709;1.2321856831466853
7;0.576518068383313;1.2925025797054683;0.5919654868184047;1.2301128462393154
