epoch;acc;loss;val_acc;val_loss
0;0.5531691175388911;1.410861429917313;0.5842185833101653;1.2500797835197985
1;0.5789302778587613;1.293933330675155;0.5897852205669426;1.2287389799422321
2;0.5836851138813562;1.2667151481971688;0.5946096395491758;1.2164696406504105
3;0.5877441202402871;1.2515966367412616;0.5972074036469468;1.2117361833220064
4;0.58981614634117;1.240887699208156;0.5972769866130367;1.2106644396946271
5;0.5922283558258349;1.2339708421342057;0.5966043512741677;1.2102210203504256
6;0.5949498229417136;1.2282432911669612;0.5991325323477843;1.2061223577921083
7;0.5944550107503892;1.223393649267908;0.5993412812737038;1.2048549944081355
