epoch;acc;loss;val_acc;val_loss
0;0.5481282182260065;1.439205251628015;0.5810873498222948;1.2585050078984974
1;0.5778169504022446;1.3071834338501933;0.5890198079205988;1.2329729021372509
2;0.5831207187055087;1.2760415003200212;0.5940297814790717;1.2224899098687
3;0.5867003757470952;1.2594729370033515;0.5990629493595746;1.215755579140565
4;0.5910531768609556;1.2471569079004654;0.596859488857972;1.2124694006924241
5;0.5920041440577326;1.2380664601137013;0.6012200213083615;1.2062002599651331
6;0.5940839016006747;1.2314838955116327;0.5966043512796976;1.2091131637184553
7;0.5954059779554611;1.226276967445519;0.5997355847343884;1.2050452805043217
