epoch;acc;loss;val_acc;val_loss
0;0.571384391767562;1.3368093447437426;0.5944936679556158;1.2197030645611944
1;0.5905506332105214;1.2432991505992692;0.5960940761756836;1.2057044293059043
2;0.596480648210438;1.2176185978494716;0.599990722276718;1.199855491735334
3;0.6016916392191306;1.200710484916689;0.6012664099883661;1.1942450183217732
4;0.6035781107433129;1.1886650449489995;0.6013359929544561;1.1953552177920437
5;0.6074747568434258;1.1787525635273202;0.6052790276995504;1.191308298977838
6;0.6093766912572564;1.170268543171622;0.6050470844792508;1.193508711900617
7;0.6109075165047825;1.1625559540032784;0.6075984599025471;1.1915433797410717
