epoch;acc;loss;val_acc;val_loss
0;0.5702246756577687;1.335231190045129;0.5955838010910243;1.216693690282469
