epoch;acc;loss;val_acc;val_loss
0;0.5782344482135305;1.3024691539436648;0.6015679361747557;1.2053852924893815
1;0.5995113729473921;1.2114592141718448;0.599364475576379;1.1952426116807278
2;0.6082169751483847;1.1777694654187119;0.604931112869101;1.1864332032456946
3;0.6144175905719842;1.152992477138061;0.6043976434624118;1.1868893144889086
4;0.619450758455252;1.1329830523679794;0.607644848546607;1.1827778140517662
5;0.6240045770119589;1.1137770121393713;0.6098019204953941;1.1854933749580392
6;0.6295789457462793;1.0965856120359705;0.6081087349872064;1.191182784795949
7;0.633127677009491;1.080507358940128;0.6106601104105028;1.1930029612998327
