epoch;acc;loss;val_acc;val_loss
0;0.5710055511674934;1.3408855923279723;0.5975089297835667;1.2172002605943537
1;0.6000371109152479;1.2200477932035187;0.60537180504297;1.192353718001087
2;0.6080932721141481;1.1853147485427218;0.6047687526148912;1.1870959448162963
3;0.6146804595632854;1.1591620909417648;0.6096395602605391;1.1784326304706787
4;0.6206259374510069;1.137509996958008;0.6094076170208846;1.1765073190296371
5;0.6248241097375093;1.1197666824412371;0.6097323375846037;1.1757274127827178
6;0.629331539642783;1.1042604365858089;0.6096859488852442;1.1753573565645232
7;0.6324627731085336;1.0898637711431294;0.6106369160331733;1.1788100718473102
