epoch;acc;loss;val_acc;val_loss
0;0.5830124785443305;1.2811468255350098;0.6001994711749876;1.1982472617335205
1;0.6064464752417255;1.1887978639998753;0.606276383546839;1.182798740234159
2;0.6184224768434136;1.1432729768280425;0.6110544138850122;1.177127789504321
3;0.6299036662473255;1.0995357370176033;0.6101730296478736;1.1765886686139886
4;0.640402962686224;1.061385586195353;0.6111239968511022;1.1845376966569963
5;0.6487451871818655;1.0277296794260662;0.6131882915062393;1.2021922160042136
6;0.6582162020135336;0.995578729345616;0.6107296933765928;1.2093531340035757
7;0.666890878445368;0.9683062810334951;0.6107992763371527;1.2238883793716246
