epoch;acc;loss;val_acc;val_loss
0;0.5815821620117759;1.284645873473804;0.5966507398878128;1.2020905999254305
1;0.6078304031163952;1.184467609609492;0.6078535974310519;1.1827240468409783
2;0.6190641864269492;1.1400334117614264;0.6098946977669241;1.1729603914652253
3;0.6290454763248435;1.1004447738467817;0.6105673331362078;1.1781276900029367
4;0.6393360238719238;1.064406257327997;0.6140928700847629;1.1763099109760966
5;0.6489693989495069;1.0307514610275927;0.6146031451390074;1.1782438889219815
6;0.6585950425983949;0.9976573433108996;0.613304263132979;1.1914742879568494
7;0.665275007335652;0.972978026513991;0.6146959224271272;1.1922017608961015
