epoch;acc;loss;val_acc;val_loss
0;0.5866926443073402;1.2654626114711185;0.6027044579680491;1.1929113879414819
1;0.6140928700709379;1.1607590731578923;0.6089205362416654;1.174639496792445
2;0.6316123146304149;1.0960801095201307;0.6134666233899537;1.1696470003598762
3;0.650306938184725;1.029931033511633;0.6157396669184757;1.1713292522162106
4;0.6704396097233263;0.9653916197233369;0.6167834114098243;1.1779149465759549
5;0.6882219232639661;0.9038006819930839;0.6177111843186727;1.2044120225453137
6;0.7053779901466632;0.8499744277165147;0.6192188152229708;1.2231594061881363
7;0.7184054676849848;0.80426302006739;0.6149742542914868;1.237220351464973
