epoch;acc;loss;val_acc;val_loss
0;0.5317452954238782;1.4921453811797516;0.5750336317669434;1.2982622764214196
1;0.5591996412611526;1.3683913233801066;0.5803451315118059;1.2817639527717029
2;0.5626478638010978;1.3538645825536684;0.5828269239690124;1.2718800838025586
3;0.5651373877054324;1.345209554743998;0.5842185832908104;1.272697709031089
4;0.5668073788860601;1.3418222873270742;0.5821078999860834;1.2686621042772641
5;0.5671243679611763;1.3412200491741482;0.5847288583754697;1.2650355915028526
6;0.5679593635533334;1.3393642411185027;0.5841258060026906;1.264913803218175
7;0.5672944596486894;1.3394727316604793;0.5808786009184952;1.274393931652656
8;0.5691654682947442;1.3357065430144053;0.5846128867708498;1.2680738246545404
