epoch;acc;loss;val_acc;val_loss
0;0.5834222449048015;1.2815461045978178;0.5960708818536535;1.2092509065493033
