epoch;acc;loss;val_acc;val_loss
0;0.5246787586454149;1.5244849350226395;0.5659414575505513;1.3167369445544723
1;0.553385597865856;1.3797717110126466;0.5760309876335868;1.2859254311933508
2;0.5568183575258302;1.357896111430344;0.5733172519560807;1.2807031825040351
3;0.5578311762604629;1.3515843931765332;0.5746393283117889;1.2774335635959835
4;0.5595011674401689;1.3454684629006168;0.5718328153461628;1.277193148060821
5;0.5613103245575847;1.3416934191836853;0.5739203043288599;1.274966791697279
6;0.5622922175299716;1.3389795454139288;0.5751496033964482;1.2698556935792178
7;0.561952034147572;1.3379883501381529;0.5776777844977146;1.2687667482233382
8;0.5636916082952113;1.3371076945521512;0.5820151227173184;1.2641426925950718
