epoch;acc;loss;val_acc;val_loss
0;0.499280976017071;1.6155554950527597;0.5616968965499428;1.3363094213041287
1;0.5481900697440465;1.4252505280493701;0.565431182452067;1.2993865189749394
2;0.5537489755748938;1.3843103686550051;0.5739434985817654;1.2842065214242575
3;0.5593929272918939;1.3613375714131548;0.5766572342592715;1.275045278580339
4;0.561109307107365;1.349930247861825;0.5771443150219009;1.2729549734392365
5;0.5624004577132696;1.3466423159103067;0.5797652734112871;1.269310571518392
6;0.5629107327850257;1.3441613099180978;0.5796956904451972;1.2720978166418107
7;0.5625086978689179;1.341988382545782;0.5812265157544746;1.2685634510832438
8;0.5645884554054084;1.3379264347103963;0.580994572534175;1.2696180836900122
