epoch;acc;loss;val_acc;val_loss
0;0.5410075613480602;1.4438968322542913;0.5786287516815883;1.2703967920486408
1;0.5672558024466886;1.3277849960684014;0.5822238715962332;1.2561634068708725
2;0.5710132826215341;1.3110743365560076;0.5889966136345136;1.2439205194109086
3;0.5737811383777861;1.3027036958254627;0.5905506332105214;1.239697101037987
4;0.5755748326133877;1.295120329549112;0.5924757619390086;1.239803149515796
5;0.5766108456640595;1.2931813574591566;0.5902491070241318;1.2378921134134455
6;0.5780025049923092;1.2900217279198052;0.587257039482266;1.2407239925863018
7;0.5784509285441819;1.2873107389389111;0.585911768804528;1.2398418001680231
8;0.5785437058323019;1.2858497834539637;0.5932643688880275;1.2336595792930092
