epoch;acc;loss;val_acc;val_loss
0;0.5322091818644775;1.4864506172371823;0.5760541819556169;1.2876577767623723
1;0.5625628179665577;1.3519168713302536;0.5833371990426117;1.2621551404532638
2;0.5674181627142625;1.325324350859161;0.5875121770107707;1.2542639428898903
3;0.5721652672814341;1.3103871196672001;0.5893445284787879;1.248718498976038
4;0.5735569265967806;1.3066784498360535;0.5851463561913639;1.2459800343304015
5;0.5765799198939796;1.299550803278253;0.589298139834728;1.240671645855646
6;0.5759382103187389;1.2951094969212837;0.5834531706527616;1.244219591872294
7;0.5768659832192924;1.292156129836284;0.5896924433092375;1.2357892775992358
8;0.5775154242232282;1.289879346995796;0.5911536855971254;1.2377246365330627
