epoch;acc;loss;val_acc;val_loss
0;0.5163210712624293;1.5501411744764506;0.574871271462964;1.297440040850897
1;0.563606562439473;1.3652490398071322;0.5781416708691894;1.2665716263360558
2;0.5703406472900383;1.3295741623192041;0.5837546968916858;1.249984723150097
3;0.5722503131288773;1.311092265108916;0.5856566312068987;1.247078113666065
4;0.5742450248110121;1.2996726294855345;0.5860045461285925;1.241996442358641
5;0.5745310881165092;1.2952008787357385;0.5901331354333368;1.2383771245674349
6;0.5743841907427311;1.2928883719692386;0.585192744821599;1.2424913643242261
7;0.5770592692150106;1.2887254336241165;0.5892517511768433;1.2336158866745623
8;0.577144315078122;1.2867811117889514;0.5909449367403304;1.2337632899537192
