epoch;acc;loss;val_acc;val_loss
0;0.5585811260060984;1.3794310537645191;0.5845664981212599;1.2443148447895789
1;0.5814971161772359;1.2815920066922712;0.5932411745659976;1.2277552316387559
2;0.5866230613403287;1.2591184725154372;0.5916871549899898;1.219146065783422
3;0.5879528691357918;1.247082573497366;0.5961636591417734;1.215760030695363
4;0.5930324256677278;1.2376003617768172;0.5932411745659976;1.2168160277140263
5;0.5929937684560497;1.231250179281953;0.5988078118476597;1.207186441969638
6;0.594524593719244;1.2260268320666194;0.5986918402430398;1.205769523522703
7;0.5954678294762661;1.2226220881118104;0.6015447418527258;1.2047960297453186
8;0.5972924494814867;1.2179056925302543;0.6019854339657652;1.2048662004573905
