epoch;acc;loss;val_acc;val_loss
0;0.5696293547385695;1.3389116147317996;0.5898779978716523;1.2250365527987774
1;0.591316045832902;1.2440240516899428;0.5979264276160509;1.204654912446046
2;0.5965347682924096;1.2181916621928368;0.5998051677004782;1.201478271939601
3;0.6005628488831039;1.20132826212613;0.5996891960903284;1.1966166945198788
4;0.6027431151576074;1.188899598751542;0.603446676259183;1.1940507446231463
5;0.6066165669366119;1.1761808082427025;0.6023101544797147;1.1952320143581128
6;0.6079463747237801;1.1678636785366137;0.6030523727846736;1.194967834179834
7;0.6111858483682204;1.1585132290957871;0.6025652920220443;1.1946031476414236
8;0.6099024292168173;1.154914111182382;0.6034002876151231;1.1959064450695092
