epoch;acc;loss;val_acc;val_loss
0;0.5828423868411491;1.2868864025612277;0.5990629493789295;1.2019053748738164
