epoch;acc;loss;val_acc;val_loss
0;0.5565864143253462;1.4043359643879796;0.5894605001110577;1.2362894862924805
1;0.5895687402298395;1.2645850712768856;0.5973233752432717;1.2127657284369222
2;0.5972383293866119;1.2316860611358271;0.5984830914000697;1.2013809464993888
3;0.600663357615587;1.2134915111631583;0.6025884863634291;1.1950679113599794
4;0.6041270430451804;1.197324967159822;0.6035858422466625;1.191790484207517
5;0.6082788266903878;1.1860527108487626;0.6049079185111262;1.1880492853140652
6;0.6105364073532247;1.1727746454575319;0.6054413879178155;1.1878115133473408
7;0.6123842216675721;1.1649551065186616;0.6045600036447321;1.1880030707309412
8;0.6139459727054548;1.1584155739576771;0.6062068005088597;1.1870386326733848
