epoch;acc;loss;val_acc;val_loss
0;0.5704488874383133;1.3413317820830861;0.5976017071076314;1.217150785542875
1;0.5984753598967202;1.2211496734004947;0.5982511480885258;1.1986227705697987
2;0.6073897109959825;1.187303459582935;0.605116667409396;1.18430617778903
3;0.6150206429604316;1.1584724798855934;0.6092916453747901;1.1796615207417034
4;0.6201079309109244;1.1387020360212248;0.6098715034808387;1.1769382007025708
5;0.6245612407462081;1.1195588809066808;0.6097091432625737;1.1759312246816522
6;0.629486168464611;1.1041350449385572;0.609407616965585;1.1775082033906061
7;0.6323854587063753;1.0930551010419747;0.6108688593087725;1.1761133182566954
8;0.6368851571709724;1.0759103203790885;0.6108224707200122;1.1805902461193376
