epoch;acc;loss;val_acc;val_loss
0;0.5838552055854592;1.2787478994934978;0.6011736327002463;1.1992139481334665
1;0.6070108704069739;1.1875308513700344;0.6068794359113232;1.1872719363599549
2;0.6178271559103894;1.1434328660300486;0.608410261173596;1.1791539818412071
3;0.6296485287040743;1.1008456253833634;0.6106601104022079;1.1817132302868336
4;0.6405885172661504;1.0620128113976735;0.612028575401976;1.1857803229161514
5;0.6492941194662213;1.026489677823817;0.6148814770199569;1.1972692293045102
6;0.6579765273414974;0.9961090374250248;0.6148814770116618;1.2004791532580539
7;0.6677490683660068;0.9654690659882487;0.6125852391389901;1.213429218066968
8;0.6736404261533234;0.9414102507821721;0.614046481426878;1.2266494219813104
