epoch;acc;loss;val_acc;val_loss
0;0.5833217361778483;1.283175487032854;0.5997355847482132;1.2005104135315643
1;0.6074902197183274;1.184774314927162;0.6081087349733816;1.181847084213919
2;0.6194971471112936;1.1399270212502282;0.611147191186957;1.175686569679379
3;0.6294397798067262;1.101012290093664;0.6112863571191368;1.1729372848234332
4;0.6390499605751825;1.0640538523943386;0.611912603813946;1.1771710667344952
5;0.6471215846277861;1.031768023653457;0.6143016189830326;1.1793217748167144
6;0.6557807981837972;1.0022333977484967;0.6128403766951446;1.1931487943420838
7;0.6651667671661788;0.9701030184732634;0.6136521779634285;1.208306725864514
8;0.6723647384508918;0.946091643228941;0.6106369161022978;1.2232600816045924
