epoch;acc;loss;val_acc;val_loss
0;0.5866462556549854;1.2661415186774208;0.6050238901710457;1.1924787787845417
1;0.6138609268368134;1.162648369385186;0.6112399684778419;1.1786994167906446
2;0.6323622643760505;1.0958609353177844;0.6121677413562756;1.1690082300647753
3;0.6513429512427701;1.0301585382278338;0.6157860555597707;1.1751179637286042
4;0.6706638214863594;0.9650736476909372;0.6166906341521191;1.1735847320086372
5;0.6896908970128072;0.9033862083993172;0.6168298000566491;1.1922233528521737
6;0.7055480818258815;0.8484069510935609;0.6187549288127863;1.209488373823675
7;0.7207712885126866;0.8008695284494217;0.6187781231348162;1.2288981143400897
8;0.7335513599650233;0.7569014625391823;0.6168529944035639;1.2700733873548515
