epoch;acc;loss;val_acc;val_loss
0;0.5849530701523277;1.2732115911999835;0.5980423992455556;1.1988295871793282
1;0.6120672326053592;1.1619221314227266;0.6088045646315156;1.1773261246800881
2;0.628643441424404;1.1022734223853436;0.613513011984244;1.1647560083507225
3;0.6480029688787498;1.0417561694716764;0.6157628613123951;1.1660554676594084
4;0.6641230226895769;0.9839975186519154;0.6176647956829078;1.1672992920861172
5;0.6823924170158876;0.9268110704238403;0.618963677697231;1.1733026775152713
6;0.6981027044616354;0.8746594311381019;0.6187781230850465;1.1933579943355606
7;0.7135346600384151;0.8278389861447636;0.6175256297507279;1.2134807706681054
8;0.726825006568038;0.7841910043825024;0.6178271559177626;1.2268983794534982
