epoch;acc;loss;val_acc;val_loss
0;0.5796106446604269;1.2975780562902068;0.5995732244995334;1.2038060823209975
