epoch;acc;loss;val_acc;val_loss
0;0.5861050548168361;1.266824422234556;0.6021941828695648;1.2053011347180578
