epoch;acc;loss;val_acc;val_loss
0;0.5144500626237478;1.5360152260741153;0.5548545716008721;1.3229952176105955
