epoch;acc;loss;val_acc;val_loss
0;0.5859658888957162;1.2661270480492093;0.6043744491542067;1.1926665143289366
