epoch;acc;loss;val_acc;val_loss
0;0.5309953456708694;1.4802309716922581;0.5693974115191914;1.285901565716993
