epoch;acc;loss;val_acc;val_loss
0;0.5314128434600355;1.4973327241205143;0.5607227350938087;1.2900358139099932
