epoch;acc;loss;val_acc;val_loss
0;0.48847242194926305;1.6332726543811724;0.5679129748899187;1.332220026146875
