epoch;acc;loss;val_acc;val_loss
0;0.5388504894001949;1.4568184136430073;0.5726446165978568;1.2687360521216016
