epoch;acc;loss;val_acc;val_loss
0;0.5484452072863761;1.4268594015225453;0.5859349631403828;1.2456954804014042
