epoch;acc;loss;val_acc;val_loss
0;0.5272610598323396;1.505996711885899;0.580948183890115;1.2692719452035068
