epoch;acc;loss;val_acc;val_loss
0;0.5686783875298108;1.359539798296255;0.5925917335491585;1.2178230397681467
