epoch;acc;loss;val_acc;val_loss
0;0.5655239597475602;1.375427475944582;0.5969290717825873;1.2205156229221075
