epoch;acc;loss;val_acc;val_loss
0;0.5520635215073828;1.425560369584628;0.593287563154758;1.2290382227097127
