epoch;acc;loss;val_acc;val_loss
0;0.5841490003293288;1.2755303255592352;0.5995500301222039;1.1980100047993694
