epoch;acc;loss;val_acc;val_loss
0;0.5804224459241024;1.3081904334416332;0.5980887878702607;1.1943349222993787
