epoch;acc;loss;val_acc;val_loss
0;0.5780952822666041;1.3240102927811714;0.602913206835904;1.19444153518675
