epoch;acc;loss;val_acc;val_loss
0;0.5733249833884625;1.339648913976605;0.6007561349230617;1.203241131287667
