epoch;acc;loss;val_acc;val_loss
0;0.5888961049038738;1.2750370926988313;0.6055109709115551;1.183321517667484
