epoch;acc;loss;val_acc;val_loss
0;0.5861514434655043;1.2850763395805846;0.6085030384755408;1.1805945964178526
