epoch;acc;loss;val_acc;val_loss
0;0.5838783998908993;1.3029014509971881;0.6104745557789635;1.1843073193519407
