epoch;acc;loss;val_acc;val_loss
0;0.5928468710905664;1.2514975971248852;0.6097323375293041;1.1714861521048665
