epoch;acc;loss;val_acc;val_loss
0;0.5913083143968336;1.2548136735268085;0.6105209444921479;1.1694371229245102
