epoch;acc;loss;val_acc;val_loss
0;0.5890816594902517;1.268093075952959;0.6105209444423783;1.1735633957854403
