epoch;acc;loss;val_acc;val_loss
0;0.5960708818536535;1.2387134784396565;0.6131650971814443;1.1623971847964278
