epoch;acc;loss;val_acc;val_loss
0;0.5324488565263755;1.4833514368445055;0.5717168437166582;1.2922304889933156
1;0.5567642374452411;1.3674244874298385;0.5756134898176927;1.2811342132452628
