epoch;acc;loss;val_acc;val_loss
0;0.5962177792329616;1.2377395175873318;0.6139073155057582;1.1690316609722036
