epoch;acc;loss;val_acc;val_loss
0;0.5956147268463575;1.2446296620053012;0.6135130120035989;1.1623822504831398
