epoch;acc;loss;val_acc;val_loss
0;0.535433192618348;1.4890632592749347;0.575335157953333;1.285682207324672
1;0.5644647523601118;1.3593147893364206;0.5811337384608248;1.2635779343526428
