epoch;acc;loss;val_acc;val_loss
0;0.5217330797402359;1.537871329536393;0.5779329220096294;1.2878927938260278
1;0.5589986238040204;1.3642336959230277;0.5812960987039747;1.2579411237930087
