epoch;acc;loss;val_acc;val_loss
0;0.5242226036381189;1.5560684758074252;0.5711137912941094;1.3173091205820866
1;0.5556586414441476;1.3943729128081603;0.5796261074791074;1.2783018912666055
