epoch;acc;loss;val_acc;val_loss
0;0.5530299516011814;1.4150215364376604;0.5857262142282882;1.2386510107664008
1;0.5761392277827836;1.2964845836338603;0.5955142181249343;1.2183075122268754
