epoch;acc;loss;val_acc;val_loss
0;0.5397859937229919;1.4639610901491773;0.5803451315311607;1.255480020775193
1;0.5691422739823917;1.321277738491226;0.5886950874315341;1.234080249294255
