epoch;acc;loss;val_acc;val_loss
0;0.5356883301763459;1.4973198392536422;0.5853551050564539;1.2523149483643077
1;0.5748326143084287;1.3245966865280867;0.5926613164599488;1.227358740883645
