epoch;acc;loss;val_acc;val_loss
0;0.5696680119428743;1.3500608563233294;0.5953286635486946;1.2089325246604314
1;0.5912464628704988;1.2427632772722148;0.6037250081235427;1.1947838658386665
