epoch;acc;loss;val_acc;val_loss
0;0.5654621082230686;1.3779696876166476;0.5993412812737038;1.2174668494616645
1;0.5915943777009482;1.2534161102788164;0.5989933664432543;1.1971904877669162
