epoch;acc;loss;val_acc;val_loss
0;0.5192280929619211;1.5468593916586497;0.5584728858569018;1.3196921761659588
1;0.5511976001737172;1.3894335209057895;0.570325184414215;1.2927022432138455
