epoch;acc;loss;val_acc;val_loss
0;0.5527670826098802;1.427184233254996;0.5957461613092893;1.2344252598077197
1;0.587705463049807;1.2792507444961903;0.6059980516824794;1.2035126286999174
