epoch;acc;loss;val_acc;val_loss
0;0.5812651729486413;1.307121164701483;0.6065315210808737;1.1905345374148637
1;0.6049929643852976;1.2021638467250992;0.6080391520128217;1.1735813709945986
