epoch;acc;loss;val_acc;val_loss
0;0.5772138980497419;1.320609267453523;0.6037250081069528;1.1936481868412807
1;0.6041657002347388;1.2056452062208094;0.6074592939537775;1.1759527354524215
