epoch;acc;loss;val_acc;val_loss
0;0.5704952760906682;1.348385296643441;0.6007097462237022;1.2015272578884766
1;0.6049465757513759;1.2137249293391996;0.6110776081351528;1.1784244317089787
