epoch;acc;loss;val_acc;val_loss
0;0.5878059717703086;1.273575473461404;0.6078072087925219;1.1794731924052406
1;0.6140464814277997;1.1681830116813672;0.6122141299865106;1.1637532150291383
