epoch;acc;loss;val_acc;val_loss
0;0.5860973233743161;1.2811541943173999;0.6107992763565075;1.1755553773732774
1;0.6142706931991277;1.1675755019602378;0.6124924618342803;1.1600703094893363
