epoch;acc;loss;val_acc;val_loss
0;0.5824558148211412;1.3000790113840264;0.603655425121508;1.1860589993272657
1;0.6132269487151525;1.172424464426617;0.6151598089230261;1.1636616052394289
