epoch;acc;loss;val_acc;val_loss
0;0.5929705741349414;1.2510106595107304;0.607737625834727;1.1705608465136572
1;0.6214068129455242;1.1406506622903607;0.6102194182836385;1.1630018256439119
