epoch;acc;loss;val_acc;val_loss
0;0.5925298820292751;1.2554343371463113;0.6096395602550092;1.1682091008789017
1;0.6221490312495616;1.1338379065004014;0.6154381407597359;1.154327014920751
