epoch;acc;loss;val_acc;val_loss
0;0.5905583646585713;1.2677400525387374;0.6131882914564697;1.169609744799747
1;0.6217701906693086;1.1386051457646889;0.6165050796007642;1.1537762957827669
