epoch;acc;loss;val_acc;val_loss
0;0.4845835072962785;1.6486413443312127;0.5592614927174414;1.3455035770161174
1;0.5502775587331952;1.427535417816479;0.5627870297765956;1.3054527470434774
