epoch;acc;loss;val_acc;val_loss
0;0.5952668120177513;1.2381453626983983;0.6127939880289649;1.1680062537390827
1;0.6289372361609002;1.116763806362802;0.6220717168492467;1.1512107981231774
