epoch;acc;loss;val_acc;val_loss
0;0.5962332421152365;1.2376167031287542;0.6137217609295184;1.1605033514511498
1;0.6316355089588964;1.1078594485249555;0.6180590991214724;1.1467456432631327
