epoch;acc;loss;val_acc;val_loss
0;0.5951585718381399;1.2443326550677607;0.6152293917785169;1.163254708937857
1;0.6309010220955358;1.1065476060427921;0.6168761887532437;1.1501668728547596
