epoch;acc;loss;val_acc;val_loss
0;0.5237973744091978;1.5331035574865262;0.5734564178689057;1.298325394861894
1;0.5603438944794543;1.3754711788340026;0.5841953889743104;1.2696521040481612
2;0.5662275208343893;1.350924998339777;0.5871410678721162;1.2522655011616939
