epoch;acc;loss;val_acc;val_loss
0;0.5288537365960624;1.5139834416478344;0.5672867282282893;1.2892181194242776
1;0.5591455211828676;1.3689969978945828;0.5751496033964482;1.2682558206534869
2;0.5637534598123295;1.3410758161384062;0.5811105441581497;1.2534494754992374
