epoch;acc;loss;val_acc;val_loss
0;0.5390283125422095;1.4599408546692754;0.5903186899763968;1.246416245828717
1;0.5739744243868683;1.313611417489449;0.5919886811625544;1.2272390767219266
2;0.5808012865034337;1.2830763909629865;0.5923597903426837;1.219238667589407
