epoch;acc;loss;val_acc;val_loss
0;0.5458551746596965;1.463312192802717;0.5849144129019398;1.2607881742101734
1;0.5736265095766954;1.320956903061682;0.589043002223274;1.2320626672889061
2;0.5782731054104622;1.290708897789229;0.5926381221932184;1.222122701437502
