epoch;acc;loss;val_acc;val_loss
0;0.5703097215199584;1.3464535027385243;0.59862225727695;1.2102723042785875
1;0.5912773886276754;1.2451563497009275;0.5975553184635715;1.1995154738829896
2;0.5962641678705699;1.2209823760999452;0.6018926566831753;1.1916778788040359
