epoch;acc;loss;val_acc;val_loss
0;0.5437754171103029;1.443900636271366;0.5765412626988913;1.2672893294720933
1;0.5635833681252772;1.3393468248553086;0.5841490003247205;1.2538712359417037
