epoch;acc;loss;val_acc;val_loss
0;0.565353868032858;1.3720347073666874;0.5954910237863145;1.2178766466267625
1;0.5895223515876229;1.2562394383607247;0.6027972352285191;1.1975505658711696
2;0.5959935674330621;1.226482754076538;0.603609036499568;1.190309262499106
