epoch;acc;loss;val_acc;val_loss
0;0.559207372699986;1.4006868720218681;0.5959781045102341;1.2248344683838492
1;0.5915247947431532;1.2620498055537714;0.5982047594804105;1.199912713914135
2;0.5971146263440804;1.2272548436928667;0.6040265343099323;1.1889113004250633
