epoch;acc;loss;val_acc;val_loss
0;0.5788761577837022;1.3074475968837613;0.6037250081235427;1.1913754786576645
1;0.6041038487166988;1.2027886397664842;0.6064387438010488;1.1754393654663289
2;0.6130336626927062;1.1657294579603381;0.609848309139454;1.169913180358734
