epoch;acc;loss;val_acc;val_loss
0;0.5897929520168358;1.2719549189396049;0.6095235886227395;1.1761876273565535
1;0.612871302444948;1.167151363717238;0.6102194182836385;1.1641413042251898
2;0.6249400813329126;1.1200999434452064;0.6104977501479981;1.1659400124339063
