epoch;acc;loss;val_acc;val_loss
0;0.586275146523704;1.2877856320019152;0.6056269425438249;1.182380733424405
1;0.6147345796544736;1.167659502651281;0.6131650971731494;1.1610702027049982
2;0.6257518826113347;1.122230533798062;0.6152061975117865;1.1501702760430177
