epoch;acc;loss;val_acc;val_loss
0;0.5811492013412565;1.303496797013177;0.6071809621253627;1.1846552079012682
1;0.6134047718433423;1.1744251774760195;0.6095003942730598;1.1667855423357367
2;0.6255972537987232;1.1277323834419146;0.616992160308094;1.1523070818761751
