epoch;acc;loss;val_acc;val_loss
0;0.5934653863400906;1.2508423670372217;0.6114255230291968;1.169931405029796
1;0.6221954199009948;1.1395903848875109;0.6160411931131602;1.1529067394413466
2;0.6410137464987581;1.0736370697932969;0.6172472978587186;1.1606466840513177
