epoch;acc;loss;val_acc;val_loss
0;0.5187100864384284;1.546577979270746;0.5633900821272548;1.3158219474064383
1;0.5571508094744656;1.3785478796331974;0.5732012803459309;1.2757986435151616
