epoch;acc;loss;val_acc;val_loss
0;0.5902877642201418;1.2659877400524264;0.6104977500844037;1.1720504555940219
1;0.6234556447211513;1.137021005643979;0.6171313262402738;1.1509374616987416
2;0.6397071330271683;1.0756343525161758;0.6215614418198869;1.142642810859867
