epoch;acc;loss;val_acc;val_loss
0;0.5951972290553481;1.2407514116943277;0.6156700839606808;1.1622475456670545
1;0.6285661270093424;1.1178030915786104;0.6192188152312658;1.1517415451761266
2;0.6552395973511779;1.0206028798595677;0.6213294985359927;1.1628199428542512
