epoch;acc;loss;val_acc;val_loss
0;0.5957770871024106;1.2389325986733062;0.6109152479638924;1.1670597589054117
1;0.6306613474271862;1.1083597398302325;0.617548824064463;1.1509634115238405
2;0.6565848680372108;1.01681455460271;0.6229067124257356;1.1454066373689522
