epoch;acc;loss;val_acc;val_loss
0;0.5034250282133068;1.596672886045146;0.5639235514648197;1.3273813616904853
1;0.5509038054141794;1.4085112209415627;0.569814909296376;1.2721782250136044
2;0.5596326019298288;1.3583803376935304;0.573294057600871;1.2580832133472544
3;0.563034435849677;1.3359802007063188;0.5788838892653927;1.2475179438136
