epoch;acc;loss;val_acc;val_loss
0;0.5559292418553881;1.4068931047788598;0.5845433037992299;1.2450366476202916
1;0.5746779854962781;1.3048005703715078;0.5893213341374032;1.2312479009764112
2;0.5788375005817014;1.2837100133341994;0.5917567379560796;1.2232478830109512
3;0.5813347559230261;1.275437824201238;0.5962332421078633;1.220852132160323
