epoch;acc;loss;val_acc;val_loss
0;0.5495739976122647;1.4406349649767902;0.5865148211607172;1.2519967810267192
1;0.5720724900006876;1.3071751969050598;0.5881152294111998;1.2281240607566601
2;0.5764175596600464;1.2836355404499094;0.592151041444414;1.2216974153099285
3;0.5818141052532737;1.2668850383675079;0.5929164540409881;1.220907005893447
