epoch;acc;loss;val_acc;val_loss
0;0.5260626865136331;1.5391738198248144;0.5743146077342448;1.3087341190075705
1;0.5637689227010562;1.3692172282044879;0.5790462494283581;1.268306023917393
