epoch;acc;loss;val_acc;val_loss
0;0.5687943591381174;1.3546680801477455;0.5934267291422373;1.21389957199171
1;0.5894218428661997;1.2495295863001061;0.6018462680391153;1.1958654917817713
2;0.5965888883780678;1.218474733376226;0.6034466762508881;1.186839764415264
3;0.6010963182879497;1.203495088267062;0.6041657002338171;1.1867078697161058
