epoch;acc;loss;val_acc;val_loss
0;0.565214702120494;1.3802586207797796;0.5957229670370289;1.2189411831547998
1;0.5918031266075129;1.2515524155381597;0.6009416894937715;1.196707240414928
2;0.5982588795651471;1.2176085223999868;0.6027508465816942;1.1902681944979339
3;0.603508527785518;1.1985155935862297;0.6098483091532788;1.1801433536080332
