epoch;acc;loss;val_acc;val_loss
0;0.5540814275387365;1.4175060694421664;0.5924989562969833;1.230106563140539
1;0.5900480895540964;1.2716232064803623;0.6017998793591107;1.1987161181015855
2;0.596024493203142;1.2345521510448292;0.6022405715329796;1.192640680096535
3;0.601119512622883;1.2122690923117627;0.6063227722102539;1.1855509971463016
