epoch;acc;loss;val_acc;val_loss
0;0.5820228541441701;1.2993003321535261;0.6081087349319069;1.18131567727393
1;0.6149665228535751;1.169010796245148;0.6127244049992805;1.1602672591702463
2;0.6267956271100565;1.1238530201145918;0.6156236952723811;1.1536758746392775
3;0.6351069258153416;1.0886383163608433;0.618778123159701;1.1520626658841864
