epoch;acc;loss;val_acc;val_loss
0;0.5928700654070664;1.250970267266654;0.6099178920972489;1.1682133359745814
1;0.6229685639686603;1.1386795918710826;0.6181518764178873;1.1561974592397324
2;0.6388412116704612;1.0744202499408377;0.6181982650702421;1.1550612378392495
3;0.6591980949702523;1.0092734086425224;0.6209120007394533;1.1633257133545867
