epoch;acc;loss;val_acc;val_loss
0;0.5553571152448548;1.3952567271758187;0.5892517511768433;1.244940370228647
1;0.5799276337207965;1.2852148442349405;0.5934963121083272;1.2246551537174193
