epoch;acc;loss;val_acc;val_loss
0;0.5954523665921478;1.2398259175371042;0.6114719116815517;1.1665615023811038
1;0.6272053934594677;1.1168227701417475;0.6188013174347263;1.1522765528676284
2;0.6549612654877399;1.0223339083918384;0.6202161710785543;1.1592546632804503
3;0.6857169365003979;0.921261373382961;0.624692675230338;1.183473320840578
