epoch;acc;loss;val_acc;val_loss
0;0.5954678294817961;1.23786775938195;0.6139768984441982;1.1650108933399022
1;0.6304062098839349;1.1070643564281888;0.61965950736919;1.1508281225949553
2;0.6561132501550132;1.0174816539123843;0.62678016420474;1.141160249179207
3;0.6872709560745623;0.9187402476814045;0.6255276708123568;1.1650659384187534
