epoch;acc;loss;val_acc;val_loss
0;0.5388968780359599;1.4811980500187114;0.5779329220096294;1.2643952079311884
1;0.574701179816004;1.3105514850194113;0.5875585656797155;1.232381934125785
2;0.5786210202464417;1.2826476494434367;0.5867699587030468;1.2284525008139
3;0.5832985418631916;1.267391469047971;0.5938674212442168;1.2185139256112734
4;0.5849685330272294;1.2602164208224491;0.5948183884474454;1.2178840297418805
