epoch;acc;loss;val_acc;val_loss
0;0.5507259822933629;1.4301948855234436;0.5870946792418812;1.2536243802348574
1;0.5793787014336755;1.2980461922043747;0.5897156376312674;1.2312357977745334
