epoch;acc;loss;val_acc;val_loss
0;0.5214470164434944;1.5299455155647363;0.5594006587381005;1.3119542363977679
