epoch;acc;loss;val_acc;val_loss
0;0.5687170447368808;1.349523216082751;0.5935195064303571;1.2109586842046707
1;0.5906588733799946;1.244182406758291;0.6023333488017446;1.1935966893572276
2;0.5979032332921776;1.217852856452755;0.607018601851798;1.1846285038646478
3;0.6017302964289655;1.2024874618070358;0.6073201280298927;1.1850832656379113
4;0.6054723137090936;1.1880344625630574;0.6083406781992112;1.186533178234994
