epoch;acc;loss;val_acc;val_loss
0;0.5563003510129366;1.3967562621728575;0.5950967203283949;1.221961008068493
1;0.5908444279562343;1.2593412246001576;0.5995500302134482;1.2004617125358588
2;0.5959007901652187;1.2306709761016508;0.5985526743661596;1.1917830312683935
3;0.5991711895576192;1.2111240160736023;0.6040729229180475;1.1859962976216087
4;0.6025498291287095;1.1979619993377302;0.6021941827976754;1.1853655830116225
