epoch;acc;loss;val_acc;val_loss
0;0.5813192930425944;1.3030831158917846;0.6062299948944841;1.187483564518973
1;0.6036631565990511;1.202196465026169;0.6073433223602175;1.1779667766592898
2;0.6131341714215027;1.1655874470513017;0.6083870668515661;1.1704747173982697
3;0.6183219681155386;1.1415082759138726;0.614162453028733;1.16988482809069
4;0.6259760943909577;1.1199284235024412;0.6131650971814443;1.1726176210296293
