epoch;acc;loss;val_acc;val_loss
0;0.5873730110924159;1.2793278439830096;0.6079231804247917;1.179124772100749
1;0.6146959224501687;1.167262734502452;0.6142552303085579;1.1588249641197612
2;0.6267647013408982;1.1183433808309482;0.6179199331892926;1.1528068841147934
3;0.6362202532958214;1.082374467507759;0.6152989748275561;1.1589540330079733
4;0.6453201589704018;1.048669685664319;0.6133738460990689;1.1662422241856925
