epoch;acc;loss;val_acc;val_loss
0;0.5443166179567471;1.4505056109406065;0.5862828779570074;1.256565951574389
1;0.5784586599774854;1.3059034933377855;0.5922206244519785;1.2278158173698461
