epoch;acc;loss;val_acc;val_loss
0;0.5921742357526191;1.2556619040063286;0.6107992763260928;1.1697836244665372
1;0.6213294985304628;1.1361012437160702;0.6192883982194755;1.1512375186694854
2;0.641036940829083;1.0723273149474342;0.618940483389026;1.149445826491791
3;0.6559972785384117;1.0159227791149719;0.6205872802227389;1.1575907603726734
4;0.6743130615014091;0.9568018487019934;0.6252957276252369;1.164856598495237
