epoch;acc;loss;val_acc;val_loss
0;0.5890507337192502;1.2668793217981105;0.6112631627473373;1.170638967825065
1;0.6214068129593492;1.138893864234484;0.6144871735095027;1.1530077983714015
2;0.639158200752029;1.0768065868096675;0.6201465880488699;1.1456672986473815
3;0.6550849685311931;1.0226242542137813;0.6194739527100008;1.148642370106034
4;0.6710349306462121;0.9663317468277651;0.6247622581521882;1.1522938811326118
