epoch;acc;loss;val_acc;val_loss
0;0.5961018076154385;1.2383518126477955;0.611866215167121;1.167910105112494
1;0.6310788452301772;1.1096768223229763;0.6213294985276978;1.1438210869358583
2;0.6562292217513381;1.0187794554421754;0.6230458783883301;1.1450567389262287
3;0.6837299562308292;0.9228529702879584;0.6276151597978189;1.1561206074820969
4;0.7142768783424525;0.8294795662456393;0.6267105812663;1.187181641580267
