epoch;acc;loss;val_acc;val_loss
0;0.5519320870315478;1.4103902310390584;0.59152479473025;1.2393890901803473
1;0.5742604876974345;1.3029896396944811;0.5921742357526191;1.228472404739446
2;0.5804920288837407;1.2801352526688814;0.5923597903288588;1.2267773538937112
3;0.5845896924423682;1.2650027285739833;0.5959085215994437;1.2175731870345814
4;0.5855870482887352;1.2577693583570058;0.5962332421078633;1.2152377637821663
5;0.5859736203234895;1.2556040321192958;0.5969522660907923;1.2157464829635691
