epoch;acc;loss;val_acc;val_loss
0;0.5715544834587618;1.3355462436093832;0.5926381221932184;1.225131530783175
1;0.5908366965081844;1.2433133015553957;0.5946328338877955;1.208600697178077
