epoch;acc;loss;val_acc;val_loss
0;0.5313973805809863;1.4867404138256093;0.585053578903244;1.2602455941048205
1;0.5712684201481956;1.3205026289513897;0.5899707751735971;1.227180690675132
2;0.5823707689681681;1.2808332839440313;0.597230597938562;1.2152056068592592
3;0.5842031204085354;1.269044923831381;0.5959085216132687;1.2164533359694636
4;0.5875894914313623;1.2602357989449084;0.5979728162739357;1.2143869119047284
5;0.5898316092285141;1.2520172709452506;0.5977872616672812;1.2151782413236163
