epoch;acc;loss;val_acc;val_loss
0;0.5677428832005622;1.360734636902199;0.5964187966702782;1.2180714085376698
1;0.5920041440577326;1.2479124167647107;0.6033770933041531;1.1940140251509028
2;0.5970682376944905;1.2186877265646512;0.5994804471754688;1.1908218879704573
3;0.6017766850679563;1.2004668349095007;0.6067866586149084;1.1843933122810697
4;0.6050316215914459;1.187345692620765;0.604165700255937;1.1831361177060855
5;0.6087891017603005;1.1759130908954385;0.6065083267505489;1.1816907842565059
