epoch;acc;loss;val_acc;val_loss
0;0.5766726972032977;1.324100025719041;0.60200862830715;1.1942821354007114
1;0.604660512445418;1.205034547705126;0.6100106693798388;1.175326875791029
2;0.6125775076844885;1.16875429298401;0.6127475994070247;1.1644310177702484
3;0.6195126099769787;1.1451654307678678;0.613327457457774;1.1615586112297305
4;0.6240355027894121;1.1254539889967536;0.6145799508473921;1.1610855124332624
5;0.6283187209233577;1.1065824325986695;0.6158788328810703;1.1639867104835677
