epoch;acc;loss;val_acc;val_loss
0;0.5886641616780441;1.2718797842558314;0.6093612283768247;1.178025166001939
1;0.6149278656548002;1.1647471987619205;0.613443429045804;1.1675599086990813
2;0.6247081381199862;1.1207517065998722;0.6138145381982834;1.1611300232835464
3;0.6353002118470045;1.0791370124203143;0.6182678480363321;1.162411403002365
4;0.6437584079454225;1.0500007131047682;0.6180590991380623;1.1718197113652395
5;0.6527423420080097;1.0185550711112947;0.6205640859172987;1.1802393528538853
