epoch;acc;loss;val_acc;val_loss
0;0.5686706560882125;1.3449472346424336;0.5920350698342641;1.2247831369146442
1;0.5917567379570013;1.2441303390397875;0.5991325323754341;1.2045761178706316
