epoch;acc;loss;val_acc;val_loss
0;0.5813424873646245;1.3028863140293985;0.607552071294432;1.1829521334358761
1;0.614309350402511;1.1722239199333688;0.6143480075413781;1.1615747212700052
2;0.6263858607394472;1.1251495109265297;0.6162963306471949;1.1546530172124436
3;0.6372639977853266;1.0875641242840393;0.618198265089597;1.1527601870567197
4;0.645536639296445;1.0573072590762098;0.619033260646731;1.1548059857659743
5;0.6548375624359918;1.0294966633526934;0.6202161710343147;1.1557623777550117
