epoch;acc;loss;val_acc;val_loss
0;0.5943235762598077;1.2509147222778194;0.6123996845627504;1.1684159248322146
1;0.6212985727815811;1.1391354420542288;0.6127475993931999;1.1596545362127464
2;0.638300010824017;1.0755803837476607;0.6197986732903098;1.1555318318222032
3;0.6567781540458323;1.0120202919532195;0.6201233937987294;1.1710369071912006
4;0.6709112275963073;0.9554549508306327;0.6225356032898459;1.1844340748405802
5;0.6871627159023243;0.9028468920673903;0.6231850443066851;1.210575312880631
