epoch;acc;loss;val_acc;val_loss
0;0.5891125852529584;1.268471996759989;0.6074360996123926;1.1739937699382479
1;0.6228371294762355;1.1380160128640235;0.6132810687279997;1.154346554792618
2;0.6401014365136592;1.0762714786204084;0.6201465880488699;1.1495326611827255
3;0.6543118244626059;1.0225927949244809;0.622234077158756;1.1461900708410722
4;0.6730141794668093;0.9693613913069151;0.6229994897498001;1.1511213667689026
5;0.6862194801277907;0.9191682450189322;0.6247158695800177;1.1585101266874367
