epoch;acc;loss;val_acc;val_loss
0;0.5951508404080624;1.2391621845373244;0.6124460732068103;1.1665537665017147
1;0.6291769108246416;1.1149284604441043;0.6188245117567563;1.151656537798753
2;0.6554251519200444;1.0204795736937766;0.6237185137050794;1.1605625668477608
3;0.6867838753128547;0.918902209105877;0.6252029503149973;1.1799936588306996
4;0.7163102472551595;0.8226232710603686;0.6257132254051865;1.2195720362459768
5;0.7394427177541834;0.74504945137928;0.6250637843828174;1.253097226141711
