epoch;acc;loss;val_acc;val_loss
0;0.5936122837120255;1.2454869046331942;0.6122373242725958;1.1618859426438954
1;0.6301356094611736;1.1072964022891043;0.6188013174264314;1.1450874014528296
2;0.6566312566665242;1.0212161111841989;0.6242287887620889;1.1398263380816935
3;0.6829336178540368;0.9327089849561838;0.6284037666915382;1.1474902616801597
4;0.711338930886245;0.8446917988040689;0.6274064109354939;1.1615052268883013
5;0.738692768021451;0.7620178154770494;0.6272208563233095;1.1981807871508998
