epoch;acc;loss;val_acc;val_loss
0;0.5092777288184385;1.5098747476511192;0.564804935751728;1.2912793217549414
1;0.5316061294907768;1.381331090258294;0.5672403395648745;1.2819449535663536
2;0.5440846747373691;1.3572568006482766;0.5796956904949668;1.2636622068650505
3;0.5570348378698456;1.3396362588720854;0.5847520526974996;1.2524672510750348
4;0.5592614927856442;1.3316808561781714;0.5810873498167649;1.2514641924205692
5;0.5590759382117086;1.3291078895416604;0.5815512362573642;1.2526868256278563
6;0.561975228464072;1.323452497031483;0.5895996660072927;1.2467505191061168
