epoch;acc;loss;val_acc;val_loss
0;0.5171792611899806;1.5334784531851018;0.5531613861120394;1.2935229772240022
1;0.5451361506841408;1.3864610285482548;0.5757758500912572;1.2624251262682755
2;0.5587434862543175;1.3464126795706817;0.5772602866707603;1.2539554772098525
3;0.5639931344945041;1.332453131662817;0.5791390267551877;1.2499936756975119
4;0.5672326081168246;1.324706809122675;0.5828269239883672;1.2429149723973163
5;0.5666372872049986;1.3224335007488297;0.5859349631099681;1.2446000589180586
6;0.5690881538783003;1.3160904589440503;0.5828269239579524;1.2420736743229608
