epoch;acc;loss;val_acc;val_loss
0;0.5176122218554309;1.5503625975870856;0.5641323003630894;1.3133348798953122
1;0.5531227289012828;1.3908416409141597;0.5776777845391893;1.2644698961870389
2;0.5589754294935112;1.348915201211082;0.5754047409608976;1.2601438239061273
3;0.5637998484775877;1.3289294376960352;0.5807626292585757;1.2505998721053948
4;0.566204326507751;1.3192502216742665;0.5837546968916858;1.2465523095599198
5;0.5676810316760706;1.318054369143278;0.587257039482266;1.2426385018834047
6;0.5689953766113786;1.310645796584968;0.5853551051117535;1.241745708658638
