epoch;acc;loss;val_acc;val_loss
0;0.560498523299439;1.387581645154855;0.5902954956128922;1.2368047752235265
1;0.5922824759294655;1.2565753772686372;0.5930556200257026;1.21596082143761
