epoch;acc;loss;val_acc;val_loss
0;0.5491487683796569;1.4288425254902146;0.5835227536354414;1.2502176814106492
1;0.5723817476203805;1.3081764613436808;0.5923829846508888;1.2253569365432522
2;0.5791467582124542;1.2850754161532913;0.5910377139731506;1.2225078229045483
3;0.5822238715953116;1.2722905719007984;0.5991557266753442;1.2152067853484596
4;0.5847907099073345;1.2629140207960703;0.5947024168455906;1.219443681471566
5;0.58678542160099;1.2568822311006838;0.5961636591334785;1.2139607275627802
6;0.5874039368505142;1.2503672645178683;0.5960708818453586;1.2150385999975972
