epoch;acc;loss;val_acc;val_loss
0;0.5463113296462552;1.454203728851931;0.586514821191132;1.2501064496209118
1;0.5720724900016092;1.3128281244920696;0.5878368975468401;1.227284366132134
2;0.5777009788123713;1.284191324941224;0.5904114672921664;1.2229290173614147
3;0.5804997603234957;1.2727112601988297;0.5923597903426837;1.2175505374465254
4;0.5810254982844392;1.2620704542336905;0.5952358862716346;1.2173038792808142
5;0.5835536793907747;1.2612261096818942;0.5943081133627862;1.2163678372996236
6;0.586213294976171;1.2504138882957128;0.5988542005110745;1.212980339969195
