epoch;acc;loss;val_acc;val_loss
0;0.5317607582927891;1.4932306478790018;0.5844273322499096;1.2647161827562095
1;0.5746470597460139;1.32994864528573;0.5890198079565435;1.2345076003521245
2;0.5776391272814281;1.297922590278034;0.589182168246698;1.2242640234485387
3;0.5785746315940867;1.2799246037565457;0.5939833928709565;1.2178458383000725
4;0.5800358738985646;1.2673721288941986;0.5943545019681364;1.214570329434499
5;0.5823089174372248;1.2639816294218402;0.5945632509770052;1.2146230293414078
6;0.5828733126250539;1.2573206148473335;0.5928932596996034;1.216121009613071
