epoch;acc;loss;val_acc;val_loss
0;0.5686319988871333;1.3541155270777634;0.5967667115090226;1.2113420823047636
1;0.5901099410873437;1.244671693114897;0.6036322308354228;1.1989806296736156
2;0.5978027245652244;1.217376871445304;0.6038177854033676;1.1882579610703545
3;0.6011272440561863;1.200073783485527;0.6025189033696895;1.1882607857061847
4;0.6046914382044379;1.1901871630418879;0.6040729229539922;1.18774990906724
5;0.6064542066814804;1.1796156325799774;0.6065779097332287;1.1863060645227193
6;0.6087040559183873;1.1710437878949511;0.6074824882923974;1.1884769670606163
