epoch;acc;loss;val_acc;val_loss
0;0.5519398184583997;1.428838241893123;0.5897388319394725;1.231962647841515
1;0.5887414761004789;1.272005657619507;0.600385025806527;1.203872066186267
2;0.594099364473733;1.2356388897339203;0.6019622397045647;1.1938412848405704
3;0.5994572528562039;1.2148429378852172;0.6043048661383471;1.1892939591781602
4;0.6019235824329786;1.202725488793271;0.603655425121508;1.1872721691545676
5;0.6041115801629054;1.190633228344391;0.6049311128884558;1.1851540313789186
6;0.6069644817753563;1.182695733221806;0.6028668182637335;1.1850961894467429
