epoch;acc;loss;val_acc;val_loss
0;0.5894527686261414;1.2721412650849926;0.6117734378679412;1.1772845106288121
1;0.6141701844777046;1.1675196848182414;0.61263162778305;1.1613716302590693
2;0.6260456773487527;1.120116868740358;0.6156005010028858;1.1598215907315805
3;0.6357795611671139;1.0809913544280578;0.6166906341299994;1.1635331433995146
4;0.645784045403628;1.0503915580656402;0.6179895161719724;1.1680800494708847
5;0.6549612654877399;1.0198240954068831;0.6198682562563997;1.1754437524478156
6;0.661556184383084;0.9957242142070089;0.6176416013415229;1.2018452276959901
