epoch;acc;loss;val_acc;val_loss
0;0.5794869415957755;1.30144192564307;0.6000834995648379;1.2094017529568348
1;0.5992794297344657;1.2133664515732527;0.6040265343099323;1.1923145654001654
