epoch;acc;loss;val_acc;val_loss
0;0.5921123842281275;1.2533501079361162;0.6102426126139634;1.173530562471336
1;0.6213063042231793;1.139294028307972;0.6161107760792501;1.1564648683545495
2;0.6399468076927529;1.0718941256445167;0.619056454977056;1.16251396296744
3;0.6571492631983118;1.0107751866704273;0.6218629679482119;1.1630010001816555
4;0.6735553803150969;0.9542616166440425;0.6208888064257183;1.1761022165190251
5;0.688971873016975;0.9015219215080675;0.6216078304003524;1.2080571850094806
6;0.7028188832679437;0.8547546798394579;0.6216774133664422;1.2296333082444362
