epoch;acc;loss;val_acc;val_loss
0;0.5892130939743816;1.2662119150817965;0.6106601104298577;1.1734115808335372
1;0.6220485225133917;1.137597927590627;0.6173864637826034;1.1539263949769378
2;0.6394365326080936;1.0779989058656825;0.6216078303920574;1.146896544997887
3;0.6549148768510532;1.0225057635090022;0.6242983717281787;1.1463315300023051
4;0.6703313695391065;0.973316814472495;0.6242519831394183;1.1538307046898
5;0.6845881461597628;0.9234660420889896;0.624623092272543;1.1637388944581615
6;0.6993706607197037;0.8767534257164856;0.6230922670185651;1.184708813106427
