epoch;acc;loss;val_acc;val_loss
0;0.5953673207529995;1.2399142314731837;0.6134666233761288;1.1648404294088432
1;0.628001731844094;1.1182945434277858;0.620401725654794;1.1548689799289533
2;0.6557730667495721;1.0215677607948144;0.6230226840524753;1.1525119524660803
3;0.6847814321683843;0.9191766159383413;0.6269193301535098;1.1794854138265456
4;0.7167354764914539;0.8220099222315179;0.6264786380349403;1.218687008433336
5;0.7432001979211947;0.7395287907681538;0.6238808739675841;1.2778366308970548
6;0.7648405003816056;0.6699175271650809;0.6235097648151046;1.3168838905531648
