epoch;acc;loss;val_acc;val_loss
0;0.5360362449929705;1.4902265548385316;0.5768891775293408;1.2874660638819024
1;0.5597563049889501;1.3605442142013209;0.583105255833372;1.2641585461144522
2;0.566915619061985;1.3356813307869928;0.5832444217655518;1.25870207960621
3;0.5708045337232645;1.3263233004253974;0.5857957971888482;1.2520534765932165
4;0.5711060599087323;1.3205117270177875;0.5857726028668182;1.2527197134783998
5;0.5710905970209273;1.315215546788292;0.5875121770190658;1.2505430417517185
6;0.5728533655025781;1.3123261785516787;0.5883007839680846;1.2473002877080352
7;0.5729074855873147;1.3101647376361625;0.5863060722735074;1.250623109273534
