epoch;acc;loss;val_acc;val_loss
0;0.5201404029543931;1.5254521317030825;0.5716008721258632;1.2906620958693402
1;0.556578682864393;1.3714510168048368;0.5777705617858344;1.265944512510762
2;0.5633359620213201;1.33749347146476;0.5812729044123595;1.2581779067047496
3;0.5655162282995102;1.323082441494395;0.5828733126324271;1.256307366490779
4;0.5667609902493734;1.318640263767307;0.5805306861074006;1.2571761235238759
5;0.5670083963372016;1.313285323935028;0.5805770747514605;1.254865073353659
6;0.5684619071825695;1.3108929791970834;0.5861669063302677;1.252012097537476
7;0.5678897805821744;1.308350932502077;0.5829428955985171;1.2532752403363772
