epoch;acc;loss;val_acc;val_loss
0;0.5765489941400288;1.3117450949739122;0.5991557266974641;1.207540816426161
1;0.601413307360301;1.2114748780284363;0.6033538989848881;1.1905097586937072
