epoch;acc;loss;val_acc;val_loss
0;0.5503084844839202;1.42263730204444;0.5836155309180313;1.2527547317892334
1;0.5733327148226876;1.3081741297560787;0.5891821682107533;1.235688373408446
2;0.5766417714267662;1.2878143409429885;0.5897388319394725;1.2294804742651813
3;0.5801673083771645;1.2755239847111146;0.5944008906674959;1.2245538723780116
4;0.5837315025286419;1.2659870203966863;0.5864452382112172;1.2278449225415766
5;0.5825717864322127;1.2635930017812196;0.5968362944806425;1.2189939519760367
6;0.5842649719348704;1.2588338957587761;0.5949807487182451;1.2194606255095861
7;0.5854556137990753;1.2551797710043313;0.5963956023620731;1.218801875545114
