epoch;acc;loss;val_acc;val_loss
0;0.5614417590629127;1.377033078296861;0.595166303277895;1.2153298478901384
1;0.590403735832135;1.2544170719347636;0.5998747506499783;1.1976099593379355
2;0.5965347683016261;1.2222310844605189;0.6029827898019938;1.1885042465169438
3;0.6010112724534098;1.2043238201346482;0.6041657002227572;1.1846435696830853
4;0.6038332482801126;1.192465753800533;0.6102658069194035;1.1798010938059296
5;0.6064851324294406;1.1810031052466785;0.6079927633908815;1.1821011267555785
6;0.6083097524530944;1.1730051451396208;0.6107992763260928;1.180095057933313
7;0.6096318288005076;1.1653183172275972;0.6066938813572034;1.1841652362041506
