epoch;acc;loss;val_acc;val_loss
0;0.5805461489675556;1.304065573458987;0.6037713967620727;1.1897863462859726
1;0.6050161587110142;1.201554315412871;0.6122837129526005;1.1698696847947856
2;0.6123996845581421;1.1652379155673283;0.6124692675205453;1.1671368300696332
3;0.6194352955794287;1.1423168509488455;0.6149742542997818;1.165307416817239
4;0.6244916577810399;1.1210357805451654;0.6116110776054365;1.167361752406373
5;0.6289140418462436;1.1047478282610708;0.6116110776054365;1.1754621271853292
6;0.6315350002356298;1.0899664942050784;0.613443429045804;1.1735537268182323
7;0.6360965502311701;1.0795748960929252;0.6139073154919332;1.1791740363474905
