epoch;acc;loss;val_acc;val_loss
0;0.5723817476074773;1.3495147299356218;0.6020550169373851;1.2035512307991194
1;0.6042662089570837;1.213740849665994;0.6071113791039732;1.1775700095141481
2;0.6121213526919391;1.1783844160098331;0.6115183003256116;1.1689504950156142
3;0.6180436362419625;1.1517711738431085;0.6132810688192439;1.1621872062319676
4;0.6242751774430152;1.1284402846235662;0.6141160644123228;1.1630059608243228
5;0.6279089545601216;1.1117763777720446;0.613582594950334;1.1639566051554646
6;0.632153515490684;1.0962408951088607;0.6146959223718277;1.1606192256593968
7;0.6338698953291965;1.0835148662425955;0.6137913439232581;1.1669430857814684
