epoch;acc;loss;val_acc;val_loss
0;0.5702478699871719;1.3374023062310831;0.6002690541051329;1.2154093102631964
1;0.5988232747428379;1.219364437745646;0.6012432156663362;1.1949936386417104
