epoch;acc;loss;val_acc;val_loss
0;0.5868086159211767;1.2768622983256086;0.606322772190899;1.1803524706300306
1;0.6136444465052403;1.1684432004802447;0.6111471911648372;1.1672165045165537
2;0.6254039677808853;1.1207307388856567;0.6121445470204208;1.1643604747427412
3;0.6362202532875265;1.0817573354636896;0.6164586909179945;1.1628201988304447
4;0.6446939122691412;1.049670799012525;0.6151598088760215;1.1709622888754851
5;0.6529588223515644;1.021373550959821;0.6160875817655151;1.1795032167001143
6;0.6601877193768643;0.9934529309403937;0.6164586909096996;1.1875545481817729
7;0.6677722626889584;0.9684447347385109;0.6163891079519047;1.2041956849447035
