epoch;acc;loss;val_acc;val_loss
0;0.5839247885450974;1.2944284948971096;0.6078535975001764;1.1820789569051433
1;0.6133351888731049;1.1703638943064785;0.6138145381706336;1.1623775308691915
2;0.6265250266707053;1.1252361034855187;0.6177575729350828;1.1557817313143222
3;0.635903264213332;1.0906783934988542;0.618685345760982;1.1537320611400252
4;0.6440058140470755;1.057913816868646;0.6179431275472673;1.1573199332576076
5;0.6520233180370624;1.0280745655726344;0.6199146448838698;1.160487364568554
6;0.6608835490313116;1.0016810516933878;0.6208424177097689;1.1622731109665725
7;0.6667826382749732;0.9811417415676585;0.6198682562923444;1.1737848742389665
