epoch;acc;loss;val_acc;val_loss
0;0.590658873373543;1.256171402075766;0.6115414946614665;1.1673861175088431
1;0.6236102735512744;1.134093009815982;0.6145567565225972;1.1516607770667855
2;0.640426156999959;1.0713940197918879;0.620308948388794;1.1467692097402291
3;0.6566003309038176;1.0112903697958784;0.62313865567645;1.1579265071680258
4;0.6752949544535195;0.9535990553463622;0.6219325509308917;1.1709513938531488
5;0.6913067681013251;0.9012010612121488;0.6214686644626426;1.19237823942992
6;0.7049604923353773;0.8529527771098921;0.6231850443232749;1.2038918603283357
7;0.7189312056307209;0.8101826400581794;0.622558797598051;1.221839262964487
