epoch;acc;loss;val_acc;val_loss
0;0.5898779978642791;1.2691004083464457;0.6049079185664258;1.1782469163938805
1;0.6225356032962975;1.13881960379272;0.6181054877461776;1.1514442515333414
2;0.639003571916376;1.078480707380841;0.6212599155975527;1.1431392579323763
3;0.6550695056636647;1.0233800667464152;0.6228835181396503;1.146652985480155
4;0.6720090921797657;0.9694215775861479;0.6198914506171395;1.1589751091102736
5;0.6863122574297355;0.91826735131824;0.6238344853235241;1.1579418314400778
6;0.702347265385746;0.8735702799332483;0.6234169875103949;1.1853586470903268
7;0.7145706730881654;0.8285938358924765;0.6219557452943963;1.1944128863581558
