epoch;acc;loss;val_acc;val_loss
0;0.5953441264235962;1.2394459798243826;0.6138145382065784;1.1679342745927246
1;0.6282259436278645;1.1158410700883727;0.6212135269258429;1.157628323981839
2;0.655572049300274;1.0201586270908927;0.6248782298148726;1.1576657882978563
3;0.6877039167460035;0.917533600776989;0.6244375376963033;1.1805927889430137
4;0.7174390375893429;0.8213455286506887;0.6272208563316044;1.2159155750145256
5;0.7435790385161941;0.7376176273744812;0.626061140238401;1.2605990736455883
6;0.7672604413078689;0.6695217310343583;0.6262003061622858;1.3298726068769795
7;0.7872694097882703;0.611749226393215;0.6250637843828174;1.3764251808584436
