epoch;acc;loss;val_acc;val_loss
0;0.509215877287956;1.5210882490838222;0.5617664795658023;1.3150999366272114
1;0.5253050053360766;1.4041513069348697;0.5686088045646426;1.2909342889170392
2;0.5293021601654467;1.3740340795765595;0.5722039244792875;1.2757180471248195
3;0.5327967713512951;1.3574167945637108;0.5746625226144639;1.2639415024571887
4;0.5358043017772791;1.349028802060334;0.5778169504160695;1.2627128493992126
5;0.5573827527002952;1.3429676705073577;0.5743609964280744;1.2667938501587017
6;0.5613799075374994;1.3406031984426934;0.5812033214324447;1.26207488488525
7;0.5643874379616401;1.3381513994711254;0.5826413693983026;1.2576488075956662
8;0.5664285382938257;1.334822913255155;0.5770747321111105;1.2623742297412723
