epoch;acc;loss;val_acc;val_loss
0;0.5846438125261831;1.278453303792456;0.59857586863289;1.2022003773695773
1;0.606330503625124;1.1890428082567037;0.6046759753267713;1.1843413880225617
