epoch;acc;loss;val_acc;val_loss
0;0.49819084288811416;1.6618856904907457;0.5680753351634833;1.342383255563497
1;0.5450897620391592;1.440056525089121;0.5674026998246142;1.2990979025512899
2;0.5590759382029529;1.365582562061031;0.5773994525642305;1.2601400745010676
3;0.5642482720147138;1.3329594219413508;0.5809945725148201;1.253329513565908
4;0.56679964746013;1.3236589672408003;0.5800436052756467;1.2505440372656917
5;0.5686629246424667;1.3156435554944903;0.5833371990592017;1.246060658779747
6;0.5698844922901156;1.3123859051080495;0.5812497100765046;1.2468880970723477
7;0.5717245751554915;1.3092141924018557;0.5845201094467852;1.2444522728054876
8;0.5725131820989804;1.3047027182489455;0.58816161800549;1.2396671309422245
