epoch;acc;loss;val_acc;val_loss
0;0.5148675604341121;1.5388812894632853;0.5790230551422729;1.2815750580127736
1;0.5681835753274265;1.3599276862166074;0.5857957971750233;1.2464464413642484
2;0.5747552999007405;1.314989684406737;0.588834253360949;1.2324312718241843
3;0.5785978259115084;1.293389311061087;0.5907129934647312;1.2259953858298616
4;0.5813811445541829;1.2833119984601833;0.5924757618837091;1.2197561255853748
5;0.5845664981341632;1.2713225203626894;0.5953286635127498;1.2153692825133522
6;0.5861205176880511;1.265138798629614;0.5990397550375446;1.2125648103231688
7;0.5875972228794122;1.2585695887730464;0.5951663032225953;1.2151705591843522
8;0.5889656878801018;1.253510640373539;0.5955606067883491;1.2146921370961468
