epoch;acc;loss;val_acc;val_loss
0;0.5475019715164509;1.4393392542814585;0.5917103493120197;1.2345151242406005
1;0.5895455459179478;1.2754910283462435;0.6004082200373126;1.2015517993855245
2;0.5982898053140289;1.2305722592780983;0.6043744491956813;1.1904015574422302
3;0.6026812636312725;1.210656455276837;0.6061604119919888;1.1835673728861602
4;0.6058975429601345;1.1934731194051;0.6077376258540819;1.1821218778595233
5;0.6096782174519408;1.1815946283782999;0.6101498353092537;1.1770100438092146
6;0.6098173833693741;1.1747416859130533;0.6056269425134101;1.1807354757741226
7;0.6119821867735842;1.1661657678329074;0.6093844226822648;1.178867776614425
8;0.6134743548094322;1.1605516115175534;0.6102426126333182;1.1792859640381146
