epoch;acc;loss;val_acc;val_loss
0;0.58214655720237;1.2881641078298711;0.6021245999172998;1.2008956826788855
1;0.6071268420148196;1.1879525070198098;0.6080855406790013;1.1845303466607928
