epoch;acc;loss;val_acc;val_loss
0;0.5715544834532318;1.3492660866092485;0.6014519646199055;1.1995851040140852
1;0.6045213464984917;1.211588045111524;0.6098019204235046;1.176004626990172
2;0.6136831037086236;1.1735266156025608;0.6123996845461604;1.1665637766534633
3;0.6191569637067742;1.145730730053946;0.6150438373128763;1.1617010519334998
4;0.6249710070891676;1.125436479096636;0.6150206429908464;1.1605338423417009
5;0.6269347930228815;1.1100603008120586;0.6159948044248607;1.1617729085415343
6;0.6319138408241777;1.0948777645943852;0.6143248132193482;1.16566094644836
7;0.6353079432729346;1.0821109814829002;0.6158324442618952;1.1658189492925297
8;0.640000927762743;1.067563810045801;0.6149046712894523;1.1706755519156586
