epoch;acc;loss;val_acc;val_loss
0;0.588509532864511;1.2716495586789793;0.6101962239616086;1.1759871558698016
1;0.6139305098167281;1.166549602821747;0.6135362063366888;1.1654596420311445
2;0.6268342842977715;1.119066935412042;0.6134898176981588;1.1637785057469214
3;0.6349986856541633;1.0838740267315408;0.6178039615957327;1.1638687234224148
4;0.6455366393038183;1.0463785167670998;0.6180590991380623;1.1702290146792262
5;0.6511960538717569;1.01902179482552;0.6185925685364566;1.1826417488495948
6;0.6599093875152696;0.993855970525319;0.617618407011198;1.1910302519505191
7;0.665986299884356;0.9685784369751808;0.6194739527818903;1.2072960486404085
8;0.6745295418385121;0.9432600032718994;0.6178735445618225;1.2340042386431251
