epoch;acc;loss;val_acc;val_loss
0;0.5927618252366716;1.2500442811533692;0.604165700242112;1.179825397337855
1;0.6212831098928545;1.1386538285502452;0.6151366145622864;1.1554590456006966
2;0.6406271744649253;1.0725503066719326;0.6191028436294108;1.158614666191972
3;0.6566776453105841;1.0114109477443314;0.6220253282051866;1.1655412421695663
4;0.6738027864075332;0.9524161888039668;0.6219557452390968;1.181904851121164
5;0.690355800904548;0.900856078921743;0.6218861622730069;1.2056071699763315
6;0.7040713766575619;0.8521981226627595;0.6202625597309092;1.2447839958269487
7;0.7175163519942661;0.8122641543828418;0.6191260379431459;1.278968702003753
8;0.728147082932041;0.7754618021348075;0.6180359048077374;1.2992618471880362
