epoch;acc;loss;val_acc;val_loss
0;0.5797343476974285;1.3011570230060252;0.5990629493402198;1.2070232633425773
1;0.6073046651568342;1.188570232500187;0.6074592939344227;1.1816499739734638
