epoch;acc;loss;val_acc;val_loss
0;0.5105920737210276;1.5974666514821148;0.5644570209627532;1.3357143604993742
