epoch;acc;loss;val_acc;val_loss
0;0.5869091246508948;1.2650840489795152;0.6047687526148912;1.1957974884424547
1;0.6125001932887819;1.1668751343398795;0.608363872529536;1.1834169009369224
