epoch;acc;loss;val_acc;val_loss
0;0.5954910238029043;1.2385096080402251;0.6101962239643736;1.1666699278612893
1;0.6279708060781616;1.1160132460914471;0.6171313262568636;1.1500677811378903
2;0.6559663527738618;1.0191397084119735;0.621839773620652;1.1571833317021125
3;0.6855623076831782;0.9200776682575638;0.6228835181120005;1.1803029581490356
4;0.7166658935216773;0.8217914778710931;0.6234865704903096;1.2124798047098517
5;0.7421641848788177;0.7401367352674295;0.6236721250582544;1.2767988578305591
6;0.7634024524157477;0.6743195903201515;0.6226283805752009;1.3085482940883082
7;0.7860169163885139;0.6103155929664644;0.6240200398969988;1.3873486898187284
