epoch;acc;loss;val_acc;val_loss
0;0.6003231742331875;1.2299839718544483;0.6149510600054016;1.1499633796362043
1;0.6394983841206037;1.077322983125723;0.6249014241203127;1.133012224961871
2;0.6709112276082889;0.9745535814736862;0.6296562601364559;1.1331298782596861
