epoch;acc;loss;val_acc;val_loss
0;0.585409225161467;1.2675693117116567;0.6029132068663187;1.1965791189991852
1;0.613636715055347;1.160749752118086;0.6073665166960724;1.1755827997375266
