epoch;acc;loss;val_acc;val_loss
0;0.5970914320294237;1.2451364910454552;0.6154381407873858;1.1520793991202343
1;0.6362511790493115;1.0860834402837913;0.6262930834780555;1.1327936139571047
2;0.6645173261696163;0.9982995639426743;0.629934591945516;1.1272134926128117
