epoch;acc;loss;val_acc;val_loss
0;0.5767886688659821;1.3361299708993668;0.6111703854951621;1.1896599073072043
1;0.6241514744244467;1.137562134016646;0.6182910422864726;1.152084301455032
2;0.6432635957605497;1.0702486115037548;0.6210279724131976;1.136051672295869
