epoch;acc;loss;val_acc;val_loss
0;0.5988928577006328;1.2337151867261213;0.6182446536977122;1.151169587941273
1;0.6390808863369675;1.0823635186199518;0.6231154612687057;1.1342994713985661
2;0.6692257735205015;0.9815774950573988;0.6277079370306392;1.1320581810867134
3;0.7031049465656066;0.8742594122895875;0.6302361182425047;1.1457781977521226
