epoch;acc;loss;val_acc;val_loss
0;0.5982666110122754;1.230412324347032;0.6203321426804093;1.1453628226628731
1;0.6401864823611025;1.0771848797047925;0.6247158695800177;1.1306615513508134
2;0.6698597516716555;0.9776187708437156;0.6290532078189764;1.1300159773971705
3;0.7042955884371849;0.8702416696130545;0.6294475112381863;1.1474845337586814
4;0.738081984186797;0.765776523729605;0.6313726399113739;1.183193141182461
