epoch;acc;loss;val_acc;val_loss
0;0.5798580507712965;1.332277540875164;0.6090597022457347;1.1871157096634162
1;0.6262389633472359;1.1349456396963513;0.6178039616150875;1.1502841639873762
2;0.6451346044356369;1.0651788634091583;0.6217469963242372;1.1378672575914124
3;0.6629014550866285;1.005221928366539;0.6265250266071108;1.1302114605416989
4;0.683521207390624;0.941304276973533;0.6283109894780727;1.1291111480323184
