epoch;acc;loss;val_acc;val_loss
0;0.5972460608355835;1.2468352025220018;0.6164354966346743;1.1522276060708507
1;0.6373258492978366;1.0881225119253344;0.6264554436410209;1.1308550968536029
2;0.6645173261493398;0.997859595434686;0.6306536160390441;1.1256300763229594
3;0.6948864251327733;0.9033512190313584;0.6323004128838169;1.131356168673643
4;0.7277682423232167;0.8056234764198601;0.6320916639855473;1.1471573720257264
5;0.7575884090213726;0.7160755871272062;0.6319293037313375;1.1810190968407976
