epoch;acc;loss;val_acc;val_loss
0;0.5830356728599088;1.2758279464713451;0.6011736327555459;1.1990440477603563
1;0.6141083329587429;1.160962649380185;0.6098946978388134;1.1751284956871237
