epoch;acc;loss;val_acc;val_loss
0;0.5809945725507648;1.3218283309369665;0.609129285156525;1.185644627621119
1;0.6256436424464699;1.1316274032341198;0.6198218676316947;1.1476973903285896
2;0.6457376567724713;1.0622558054542297;0.6243447603722386;1.1338921573059553
3;0.663226175638366;1.0006462440582005;0.6260147515418064;1.131495505680582
4;0.685608696349358;0.9369451927249516;0.6283109894587179;1.1300407982095968
5;0.7067309921941103;0.871186972916964;0.6323236071146026;1.1329534509139174
6;0.7320128032666822;0.8025537492691732;0.6321148582716325;1.1437780630192034
