epoch;acc;loss;val_acc;val_loss
0;0.5962177792338833;1.2477732112675297;0.6173864638544928;1.1523808778844749
1;0.6384701025152167;1.0874216782567643;0.6243447603362939;1.1304504703672453
2;0.662398911426056;1.000062626386717;0.6301665352764149;1.1267206901692612
3;0.6927293531922812;0.9061711367268477;0.6313262513419684;1.1351370551886206
4;0.725742604881601;0.8104626843208221;0.6339240153540252;1.151770976117642
5;0.7554390685280089;0.7207949591400772;0.6337152664917002;1.1713032455210308
6;0.7815636065504653;0.6421181346640894;0.6318597207486577;1.202978536603446
7;0.8071624066529921;0.5715770205398365;0.6340399869448202;1.2357281331654995
8;0.8245813424910458;0.5136805516357252;0.6321844412377224;1.2683087415291947
