epoch;acc;loss;val_acc;val_loss
0;0.6016916392311121;1.222308359635925;0.6200538107994598;1.140326460814517
1;0.6471293160656978;1.0585343621525922;0.6261771118513157;1.1250978374617238
2;0.6797714586182063;0.9455379020402593;0.6321612468603929;1.1340654205345801
