epoch;acc;loss;val_acc;val_loss
0;0.5989237834624178;1.240170201782843;0.6212367211842783;1.1443548671537978
1;0.6430316525291901;1.069311645997575;0.6263858607302306;1.1258092731100544
2;0.6729136707389344;0.9715199923810619;0.6308159762573092;1.1230521517626766
