epoch;acc;loss;val_acc;val_loss
0;0.5839789085772995;1.3126963547487485;0.6140000927662282;1.1757742769118613
1;0.6317128233776446;1.1149239038791035;0.6202393653922893;1.1411767733275695
2;0.6541881213961112;1.0348794860831438;0.6268961358508346;1.1274994821104296
