epoch;acc;loss;val_acc;val_loss
0;0.5830743301195134;1.3170570377420874;0.6152989747805515;1.176608436239912
1;0.6316200460222435;1.1169672245158737;0.6223036600529565;1.1395281140899516
2;0.6531211825513963;1.0390181410862147;0.6294707055602162;1.126076728311536
3;0.6745527360858877;0.9697872963832546;0.6284733497488724;1.1257582330502445
