epoch;acc;loss;val_acc;val_loss
0;0.6035162592105264;1.2246855515240425;0.6175256296954283;1.140951848214791
1;0.6459773314067194;1.0587894247704521;0.6278702973042037;1.1206053179618893
2;0.6801657620936374;0.9490668220913457;0.6313262513779132;1.1266759254303427
3;0.7186837995502661;0.8255888994772967;0.6324163844027225;1.1530147457065292
4;0.7589955312318972;0.7104498906269089;0.6291227908016562;1.1831760663720106
