epoch;acc;loss;val_acc;val_loss
0;0.5139861761969734;1.5560386553135979;0.5635756367034945;1.32118776981312
1;0.5516769494956698;1.3883266397748772;0.5691886626347467;1.2903464653498942
2;0.5559601676180947;1.3658346311756762;0.5713921232275935;1.2840999810678062
