epoch;acc;loss;val_acc;val_loss
0;0.584295897659789;1.3133106967192207;0.6145335621176179;1.1730944304910413
1;0.6320993953395879;1.1116161791468078;0.6221876884428066;1.1385663296266462
2;0.6539561781324935;1.0348882356645357;0.6267569698827101;1.1260066484787825
3;0.6753800003147876;0.9666975926507559;0.6293779283273959;1.1242749847120217
4;0.6978630297306129;0.8964755069457244;0.632439578780052;1.1214828731985278
