epoch;acc;loss;val_acc;val_loss
0;0.5433733821969601;1.44190478730236;0.5784200027833186;1.265862987618469
1;0.5642173462575372;1.3314980784497144;0.5803915201558658;1.2531463098961761
2;0.568562415925191;1.3123680395192348;0.5810873498167649;1.250167567405784
