epoch;acc;loss;val_acc;val_loss
0;0.5177436563520031;1.5542631240407256;0.5712065686375288;1.2995407379707102
1;0.5575837701514367;1.380423605039282;0.5796029131570773;1.2630100456788045
2;0.5641091060839165;1.3444517696221383;0.58073943502779;1.2533196619193254
