epoch;acc;loss;val_acc;val_loss
0;0.558395571434467;1.3889378061249726;0.580994572528645;1.2484645964390726
1;0.5771907037212604;1.2905859164476001;0.5902723013406318;1.230506680850865
2;0.5825717864257611;1.268285923112464;0.5933571461761474;1.220637166954101
