epoch;acc;loss;val_acc;val_loss
0;0.5451361506693942;1.4356978552288115;0.5794637472746672;1.2620108084017931
