epoch;acc;loss;val_acc;val_loss
0;0.5580399251532027;1.403925884599667;0.5908753537327658;1.2419569247141782
1;0.5813502187905546;1.2827775671819377;0.5924061789563289;1.2223306717343734
2;0.5859040373638513;1.2593670999394966;0.5941225588169612;1.215053959614371
