epoch;acc;loss;val_acc;val_loss
0;0.5460793864301029;1.4469036845185699;0.5836155309595059;1.2639853475642082
1;0.5762706622742867;1.310821924777558;0.5881848123994095;1.2355075286415405
2;0.5837933540674193;1.2747524042001663;0.5913392401042407;1.2222229248352483
