epoch;acc;loss;val_acc;val_loss
0;0.5603516259136794;1.3847062039811435;0.5889502249904537;1.2368543674824504
1;0.5890275393972202;1.2595063990809745;0.5958621329194391;1.2128815384838396
2;0.5956688469458408;1.2293848201642408;0.5997123903764137;1.200207352737784
