epoch;acc;loss;val_acc;val_loss
0;0.5792627298193782;1.303713333862757;0.5965579626162828;1.2117621201323507
1;0.598800080412513;1.2157791671826514;0.604188894564142;1.193642666085828
2;0.6072505450720976;1.1809551223168502;0.6064619381230788;1.1884499546514569
