epoch;acc;loss;val_acc;val_loss
0;0.5753583522670681;1.3168782996732453;0.5984367026841203;1.2080790431998172
1;0.6009494209058768;1.210527237212497;0.606229994916604;1.1893645281549918
2;0.6089050733621554;1.1778977168068843;0.6081087350010314;1.1830450350097863
