epoch;acc;loss;val_acc;val_loss
0;0.570665367776338;1.333633689329145;0.5979960105268413;1.2167107100145447
1;0.5993799384632622;1.2187996592856931;0.6027508466535836;1.194313764644033
2;0.6088122960887821;1.1837224273801383;0.6075520712418974;1.1845178060641772
