epoch;acc;loss;val_acc;val_loss
0;0.583955714313334;1.279476547788308;0.6014983532086658;1.1990154610387125
1;0.6072660079469994;1.1880489669829946;0.6074824882923974;1.1817218016321718
2;0.619443027012732;1.140190496613329;0.6098019204953941;1.1766566570777202
