epoch;acc;loss;val_acc;val_loss
0;0.5831903016771286;1.2828168935820439;0.600756134887117;1.2021277061822424
1;0.6073742481293758;1.185519837169627;0.6087813703399004;1.184656274071506
2;0.6188709004081895;1.1413082182246088;0.6101962239505486;1.1786531450885918
