epoch;acc;loss;val_acc;val_loss
0;0.5390283125486611;1.4635223080815465;0.5712065686513538;1.2751044290386613
