epoch;acc;loss;val_acc;val_loss
0;0.5855715854230501;1.2675674208957528;0.5998051676838884;1.196994948261063
1;0.6137294923508402;1.1619397785708545;0.6117038548880265;1.1730185997874871
2;0.6315659260011015;1.096759495775574;0.6117502435597362;1.1727548729938175
