epoch;acc;loss;val_acc;val_loss
0;0.5851463561849123;1.2757610412783227;0.6023101544990695;1.1959525684359875
1;0.6133738460889306;1.1611095129557858;0.6115183002896669;1.176396018314512
2;0.6298340832969038;1.1006980249676803;0.615878832922545;1.1659827680232082
