epoch;acc;loss;val_acc;val_loss
0;0.5304232190681701;1.4811121576730542;0.5614185647353528;1.3091062882583946
1;0.5544293423641169;1.3713207498126658;0.573943498631535;1.286502073325081
2;0.5607304665142088;1.355869425625875;0.579602913206847;1.2723425525280043
3;0.5641786890541539;1.3482524962229914;0.5786287516815883;1.2728441978212068
