epoch;acc;loss;val_acc;val_loss
0;0.4854648915417122;1.6378389212090925;0.5467133646098283;1.358259171608312
1;0.54686799339479;1.4310806494867654;0.5686088046061173;1.3031203944602228
2;0.5552334122069315;1.3811652460627815;0.5729461428257211;1.2817874515676517
3;0.5581404338875291;1.360229492060311;0.5771675093439308;1.2710932386205165
