epoch;acc;loss;val_acc;val_loss
0;0.5431182446537087;1.4491429869545516;0.5764948740603614;1.2766842740074338
1;0.5638616999947059;1.3491866266878048;0.5762629308345317;1.2680813166628124
2;0.5684696386333844;1.328924839890456;0.5826181750762727;1.2571522069728325
3;0.5728997541447948;1.315788688785161;0.5856334369401683;1.2506227107184513
