epoch;acc;loss;val_acc;val_loss
0;0.513792890180057;1.555233701490058;0.573062114435871;1.3019757689873153
