epoch;acc;loss;val_acc;val_loss
0;0.539005118213728;1.4640285310826198;0.582710952309093;1.2585009361466966
1;0.5768195945761542;1.3113438157753177;0.5900403580705625;1.232485595990152
2;0.582811461087659;1.2768686192133483;0.5935658950191175;1.2207783852635739
3;0.5860200089592545;1.260241365265366;0.5921974300193494;1.2160124295208092
