epoch;acc;loss;val_acc;val_loss
0;0.5672094138150712;1.3528667509014802;0.5948647770915054;1.2205375338074071
1;0.59160984057585;1.2474113121649268;0.6004314143814624;1.2033460340661575
2;0.5973001809295367;1.217706790061974;0.604931112855276;1.1986574297762649
3;0.6018385365901437;1.2010553634226995;0.6012664099745413;1.1943549527475827
