epoch;acc;loss;val_acc;val_loss
0;0.5593542700811374;1.386179933419531;0.5895300829859033;1.2328684175866662
1;0.589939849396144;1.2603652211992353;0.598970172162699;1.20965137903404
2;0.597671290060818;1.2257234648800248;0.6016375191961452;1.1990789610904804
3;0.6004236829417074;1.2068198183517012;0.603493064903243;1.193991926625857
