epoch;acc;loss;val_acc;val_loss
0;0.5758840902344632;1.3134421041544861;0.5967203228843175;1.2108520741984072
1;0.6007020148051454;1.2105474188580287;0.6041425059034922;1.192607992444271
2;0.6096009030424093;1.176583268030038;0.6088509532755755;1.182174984176819
3;0.6159948044783169;1.1530431491561712;0.6110312195463924;1.1798390678872357
