epoch;acc;loss;val_acc;val_loss
0;0.582881044050984;1.279827361623297;0.6025189033779844;1.2015970072952213
1;0.6057274512578749;1.187470987217266;0.6069026302416481;1.1873960296359052
2;0.6183838196455602;1.1423141301702218;0.6102194182919335;1.1765869581373656
3;0.6295016313330611;1.1009776341010244;0.6118894094780911;1.1787878750991627
