epoch;acc;loss;val_acc;val_loss
0;0.5582100168550015;1.3851360341262446;0.5798580507491766;1.248180331881681
