epoch;acc;loss;val_acc;val_loss
0;0.5847288583671747;1.2751792825277928;0.6001762768529577;1.1969620741524634
1;0.6132965316729475;1.1610519613887647;0.610242612542074;1.1763221253688256
2;0.6290222820037352;1.1021416012189496;0.6131650972450389;1.1681886989834656
3;0.6473844536301473;1.0428096817514918;0.6168761887338888;1.1612477464108972
