epoch;acc;loss;val_acc;val_loss
0;0.5055898316092221;1.5329187149955148;0.5569188662615392;1.318990139354717
1;0.5398091880496301;1.4081620518817741;0.5666836758361553;1.2992384636198075
2;0.5445485611779685;1.3919720472133876;0.5702787957508002;1.2920919057582667
3;0.5470690108450098;1.3829039321260062;0.569722132022081;1.284106384570343
4;0.553277357709286;1.3672338305555451;0.5737347497332653;1.2772133833801183
