epoch;acc;loss;val_acc;val_loss
0;0.4990181070478896;1.6178797037102928;0.5544138794325331;1.35109616587311
1;0.5438681944122477;1.4243953024052;0.5585888574891715;1.304577197923274
2;0.5537489755758154;1.3797131903335116;0.5672635339283791;1.2864441226850045
3;0.5564085911759582;1.3622313477887538;0.572041564175308;1.2796112762707674
4;0.5593156128703808;1.352385964754685;0.5699772696058854;1.2774236339991227
