epoch;acc;loss;val_acc;val_loss
0;0.5391056269406812;1.4748234270664924;0.5763093194979465;1.2829072667986463
1;0.5652765536449855;1.3448164853439766;0.5838706684797158;1.2592190847760942
2;0.5719719812709694;1.3161340809228224;0.5860509347505326;1.2487855013654334
3;0.5730311886381413;1.3070486895631162;0.5848448300049743;1.245453561182372
4;0.5752191863330449;1.30146748030295;0.5845201094661401;1.2447444728073673
