epoch;acc;loss;val_acc;val_loss
0;0.5561534536474535;1.3980661149985039;0.5874657883943607;1.2436362095908164
