epoch;acc;loss;val_acc;val_loss
0;0.5628720755816424;1.371283343277329;0.5890430022785735;1.2357500381835147
1;0.5801827712566745;1.278555183902737;0.5912000742273604;1.2222219833931973
2;0.5849144129563177;1.2578876254026619;0.5962100477858333;1.2153134270469084
3;0.5876126857478623;1.2460536372491822;0.595746161345234;1.2122930011872253
4;0.5904114672709683;1.240101986537406;0.595699772701174;1.2135584544631166
