epoch;acc;loss;val_acc;val_loss
0;0.5450511048219511;1.443526310300328;0.5858653802157676;1.2568150164604674
1;0.5782421796615804;1.3017592600824528;0.5892981398209032;1.2319049793011503
2;0.5841490003302504;1.272775541956145;0.5908753537742405;1.2195412819220846
3;0.5873498167786808;1.2572334902907838;0.5928236767694581;1.2151241971670368
4;0.5896460546596476;1.2441555840745933;0.5960012989428632;1.2088380265159588
