epoch;acc;loss;val_acc;val_loss
0;0.5722039244783658;1.330856085109323;0.5940761701590763;1.2207780821610843
1;0.5917103493129414;1.2435004988754979;0.5967899058365825;1.2051997041306326
2;0.5975089298112165;1.218828982641889;0.5995036415140886;1.1980431598297998
3;0.6002767855826759;1.203724789541289;0.6004082200732573;1.1989080612384173
4;0.6054568508277403;1.1886141972644224;0.6036786194794828;1.1911797222281761
