epoch;acc;loss;val_acc;val_loss
0;0.5677583460902105;1.3526766119758908;0.593519506444182;1.22084672281692
1;0.5927850195743698;1.2443214763346515;0.5997355847482132;1.2031066081445039
2;0.5974470782867249;1.2169122705047282;0.6016839077683157;1.199024189965714
3;0.6018308051568404;1.2007584592022722;0.6032611216967683;1.1937058818756707
4;0.6055264337938302;1.1878488522522215;0.6058356914420946;1.1921878874221725
