epoch;acc;loss;val_acc;val_loss
0;0.5641554947256723;1.3750332901604672;0.589924386551657;1.2326315184020429
1;0.5913315087197852;1.2531484657500302;0.5987614232450744;1.2074056958015262
2;0.5969368032168122;1.2227103303040672;0.6024493203759498;1.1982870633855305
3;0.6011427069449129;1.206129595772575;0.6038873683971073;1.1946123895936238
4;0.6037172766902393;1.1939331805198559;0.6026348749521895;1.1924705964882896
