epoch;acc;loss;val_acc;val_loss
0;0.5756212212629775;1.3138526372794819;0.5970914320367969;1.2084157468962162
1;0.6004623401644456;1.2135058527184799;0.5996660017793584;1.1969376585172435
2;0.6086190100654141;1.1800528061848725;0.6030755670928787;1.1872956903938483
3;0.6154999922814626;1.1574291530590166;0.6056965254822649;1.1841275168547976
4;0.6197445531935917;1.1350818631308777;0.6088045646315156;1.1808628567009327
