epoch;acc;loss;val_acc;val_loss
0;0.5464427641377583;1.449409609456906;0.5872570394269665;1.2582298007752206
